customer_id,primary_country,recency_days,frequency_orders,monetary_revenue,rfm_segment
16446,United Kingdom,197,1,2.9,Hibernating
16738,United Kingdom,289,1,3.75,Hibernating
14792,United Kingdom,55,1,6.2,New / One-time Recent
16454,United Kingdom,36,2,6.9,Repeat Active
17956,United Kingdom,241,1,12.75,Hibernating
16878,United Kingdom,76,1,13.3,New / One-time Recent
13307,United Kingdom,112,1,15.0,Occasional At Risk
15823,United Kingdom,364,1,15.0,Hibernating
17763,United Kingdom,255,1,15.0,Hibernating
16093,United Kingdom,98,1,17.0,Occasional At Risk
16953,United Kingdom,22,1,20.8,New / One-time Recent
17986,United Kingdom,48,1,20.8,New / One-time Recent
12970,United Kingdom,314,2,23.799999999999997,Hibernating
17102,United Kingdom,253,1,25.5,Hibernating
18268,United Kingdom,126,1,25.5,Occasional At Risk
15657,United Kingdom,14,1,30.0,New / One-time Recent
13120,United Kingdom,230,1,30.599999999999998,Hibernating
17408,United Kingdom,155,1,32.65,Occasional At Risk
16765,United Kingdom,286,1,34.0,Hibernating
15744,United Kingdom,69,1,34.8,New / One-time Recent
14576,United Kingdom,364,1,35.400000000000006,Hibernating
16856,United Kingdom,6,1,35.400000000000006,New / One-time Recent
17831,United Kingdom,25,1,35.400000000000006,New / One-time Recent
15940,United Kingdom,303,1,35.8,Hibernating
17816,United Kingdom,28,4,36.56,Repeat Active
14865,United Kingdom,364,1,37.2,Hibernating
16162,United Kingdom,244,1,37.4,Hibernating
12855,United Kingdom,364,1,38.1,Hibernating
18019,United Kingdom,43,1,38.45,New / One-time Recent
16659,United Kingdom,181,1,39.12,Hibernating
12977,United Kingdom,148,1,39.24,Occasional At Risk
14589,United Kingdom,363,1,39.75,Hibernating
15178,United Kingdom,252,1,40.5,Hibernating
14300,United Kingdom,10,1,43.2,New / One-time Recent
15423,United Kingdom,30,1,43.5,New / One-time Recent
14080,United Kingdom,24,1,45.599999999999994,New / One-time Recent
16257,United Kingdom,168,1,46.95,Occasional At Risk
15603,United Kingdom,70,1,48.480000000000004,New / One-time Recent
14821,United Kingdom,358,1,48.800000000000004,Hibernating
18184,United Kingdom,7,1,49.8,New / One-time Recent
13011,United Kingdom,364,1,50.550000000000004,Hibernating
14351,United Kingdom,156,1,51.0,Occasional At Risk
17844,Canada,98,1,51.56,Occasional At Risk
14682,United Kingdom,179,2,52.0,Occasional At Risk
15313,United Kingdom,102,1,52.0,Occasional At Risk
13832,United Kingdom,11,1,52.199999999999996,New / One-time Recent
15504,United Kingdom,73,1,52.83,New / One-time Recent
16349,United Kingdom,282,1,53.5,Hibernating
13366,United Kingdom,42,1,56.160000000000004,New / One-time Recent
15899,United Kingdom,360,1,56.25,Hibernating
17775,United Kingdom,246,1,56.4,Hibernating
13080,United Kingdom,171,1,58.08,Occasional At Risk
14957,United Kingdom,245,1,58.49,Hibernating
13682,United Kingdom,179,1,59.5,Occasional At Risk
13391,United Kingdom,195,1,59.8,Hibernating
17174,United Kingdom,209,1,59.9,Hibernating
13194,United Kingdom,127,1,60.7,Occasional At Risk
15516,United Kingdom,36,3,62.43,Repeat Active
13218,United Kingdom,119,1,62.63999999999999,Occasional At Risk
14840,United Kingdom,259,1,62.85,Hibernating
12665,Germany,316,1,63.0,Hibernating
14437,United Kingdom,357,1,63.0,Hibernating
17263,United Kingdom,200,1,63.44,Hibernating
13302,United Kingdom,147,1,63.75,Occasional At Risk
13130,United Kingdom,86,1,64.0,New / One-time Recent
13684,United Kingdom,277,1,65.13,Hibernating
17382,United Kingdom,57,1,65.4,New / One-time Recent
14393,United Kingdom,210,1,67.95,Hibernating
15863,United Kingdom,17,2,68.84,Repeat Active
18037,United Kingdom,146,6,70.02,High-Value At Risk
17022,United Kingdom,23,1,71.0,New / One-time Recent
13185,United Kingdom,259,1,71.4,Hibernating
17747,United Kingdom,104,1,71.4,Occasional At Risk
13938,United Kingdom,27,1,71.66,New / One-time Recent
13686,United Kingdom,174,1,72.0,Occasional At Risk
17906,United Kingdom,239,1,72.9,Hibernating
16171,United Kingdom,51,1,73.2,New / One-time Recent
12506,France,224,1,73.5,Hibernating
18032,United Kingdom,326,1,73.5,Hibernating
17960,United Kingdom,163,1,73.78,Occasional At Risk
13095,United Kingdom,62,1,74.39999999999999,New / One-time Recent
18050,United Kingdom,351,1,74.4,Hibernating
16468,United Kingdom,66,1,74.9,New / One-time Recent
13403,United Kingdom,9,1,75.0,New / One-time Recent
16610,United Kingdom,211,1,75.66,Hibernating
17628,United Kingdom,73,1,75.75,New / One-time Recent
17995,United Kingdom,273,1,76.1,Hibernating
14090,United Kingdom,316,1,76.32000000000001,Hibernating
15668,United Kingdom,209,1,76.32000000000001,Hibernating
16148,United Kingdom,288,1,76.32000000000001,Hibernating
18113,United Kingdom,360,1,76.32000000000001,Hibernating
13106,United Kingdom,125,1,76.5,Occasional At Risk
17536,United Kingdom,169,1,76.5,Occasional At Risk
14373,United Kingdom,350,1,76.55,Hibernating
13992,United Kingdom,22,1,76.8,New / One-time Recent
13132,United Kingdom,253,1,77.3,Hibernating
14785,United Kingdom,2,2,77.4,Repeat Active
15753,United Kingdom,296,1,79.2,Hibernating
16078,United Kingdom,275,1,79.2,Hibernating
13747,United Kingdom,365,1,79.6,Hibernating
17752,United Kingdom,351,1,80.64,Hibernating
13967,United Kingdom,137,1,80.7,Occasional At Risk
18281,United Kingdom,172,1,80.82,Occasional At Risk
17620,United Kingdom,51,1,81.44,New / One-time Recent
13006,United Kingdom,48,1,81.57,New / One-time Recent
17309,United Kingdom,87,1,82.75,New / One-time Recent
14287,United Kingdom,190,2,83.28,Hibernating
12401,Belgium,295,1,84.3,Hibernating
13666,United Kingdom,52,3,84.65,Repeat Active
13841,United Kingdom,244,1,85.0,Hibernating
15729,United Kingdom,204,1,85.0,Hibernating
15541,United Kingdom,106,1,85.13000000000001,Occasional At Risk
13296,United Kingdom,129,1,87.4,Occasional At Risk
15180,United Kingdom,359,1,87.5,Hibernating
14354,United Kingdom,22,1,87.78,New / One-time Recent
15083,United Kingdom,248,1,88.2,Hibernating
14960,United Kingdom,163,1,88.3,Occasional At Risk
12353,Bahrain,196,1,89.0,Hibernating
14436,United Kingdom,90,1,89.06,New / One-time Recent
12686,France,363,1,89.14,Hibernating
14760,United Kingdom,289,1,89.2,Hibernating
14974,United Kingdom,29,1,89.94,New / One-time Recent
14117,United Kingdom,135,1,90.0,Occasional At Risk
15552,United Kingdom,209,1,90.12,Hibernating
16506,United Kingdom,11,2,90.30000000000001,Repeat Active
18084,United Kingdom,8,1,90.47999999999999,New / One-time Recent
13947,United Kingdom,57,1,90.6,New / One-time Recent
14353,United Kingdom,207,1,90.6,Hibernating
15488,United Kingdom,84,1,91.32000000000001,New / One-time Recent
12659,France,21,1,91.68,New / One-time Recent
13160,United Kingdom,14,1,91.8,New / One-time Recent
13551,United Kingdom,311,1,91.80000000000001,Hibernating
12789,Netherlands,57,1,91.85,New / One-time Recent
14054,United Kingdom,57,1,92.46,New / One-time Recent
12821,United Kingdom,206,1,92.72,Hibernating
17991,United Kingdom,217,2,93.35000000000001,Hibernating
13283,United Kingdom,51,2,93.66,Repeat Active
18227,United Kingdom,209,1,93.75,Hibernating
15428,United Kingdom,7,1,93.78,New / One-time Recent
18033,United Kingdom,57,1,93.82000000000001,New / One-time Recent
15397,United Kingdom,281,1,94.0,Hibernating
16339,United Kingdom,276,1,94.05,Hibernating
13651,United Kingdom,27,2,94.2,Repeat Active
16387,United Kingdom,314,1,94.36,Hibernating
12548,Spain,158,1,95.19999999999999,Occasional At Risk
18249,United Kingdom,9,1,95.34,New / One-time Recent
17895,United Kingdom,36,1,95.45,New / One-time Recent
16620,United Kingdom,252,1,95.76,Hibernating
17024,United Kingdom,37,3,95.85,Repeat Active
14642,United Kingdom,50,1,96.12,New / One-time Recent
15216,United Kingdom,79,1,96.6,New / One-time Recent
17325,United Kingdom,272,1,96.8,Hibernating
12984,United Kingdom,10,1,97.5,New / One-time Recent
15422,United Kingdom,315,2,97.7,Hibernating
17349,United Kingdom,171,1,98.25,Occasional At Risk
17538,United Kingdom,17,1,98.42,New / One-time Recent
15256,United Kingdom,140,1,98.45,Occasional At Risk
17939,United Kingdom,151,1,99.14,Occasional At Risk
13703,United Kingdom,310,1,99.5,Hibernating
18282,United Kingdom,118,1,100.21,Occasional At Risk
14371,United Kingdom,287,1,100.5,Hibernating
17427,United Kingdom,63,1,100.8,New / One-time Recent
14946,United Kingdom,6,1,100.9,New / One-time Recent
16498,United Kingdom,153,2,100.97,Occasional At Risk
16344,United Kingdom,150,1,101.10000000000001,Occasional At Risk
13101,United Kingdom,226,1,101.19,Hibernating
18086,United Kingdom,266,1,101.34,Hibernating
16006,United Kingdom,203,1,101.4,Hibernating
17643,United Kingdom,365,1,101.55,Hibernating
18068,United Kingdom,281,1,101.69999999999999,Hibernating
16516,United Kingdom,22,1,101.7,New / One-time Recent
15212,United Kingdom,233,1,101.8,Hibernating
13948,United Kingdom,352,1,102.0,Hibernating
14981,United Kingdom,238,1,102.12,Hibernating
15101,United Kingdom,351,1,102.28,Hibernating
17962,United Kingdom,134,1,102.41,Occasional At Risk
14836,United Kingdom,2,3,102.44999999999999,Repeat Active
18011,United Kingdom,365,1,102.78999999999999,Hibernating
14542,United Kingdom,177,1,103.25,Occasional At Risk
17548,United Kingdom,225,1,103.3,Hibernating
18255,United Kingdom,81,1,103.3,New / One-time Recent
15958,United Kingdom,66,1,104.35000000000001,New / One-time Recent
15607,United Kingdom,328,1,104.76,Hibernating
14027,United Kingdom,52,1,104.82,New / One-time Recent
15775,United Kingdom,237,1,104.9,Hibernating
16581,United Kingdom,174,1,105.84,Occasional At Risk
17791,United Kingdom,21,1,106.1,New / One-time Recent
15070,United Kingdom,364,1,106.2,Hibernating
15168,United Kingdom,17,1,106.56,New / One-time Recent
16757,United Kingdom,310,1,106.83000000000001,Hibernating
17893,United Kingdom,217,1,107.21,Hibernating
15395,United Kingdom,317,1,107.45,Hibernating
16784,United Kingdom,11,1,107.6,New / One-time Recent
17274,United Kingdom,27,1,107.82,New / One-time Recent
14661,United Kingdom,18,1,107.95,New / One-time Recent
12956,United Kingdom,298,1,108.07,Hibernating
13226,United Kingdom,265,1,108.21,Hibernating
16106,United Kingdom,57,1,108.38,New / One-time Recent
17639,United Kingdom,268,1,108.5,Hibernating
13170,United Kingdom,18,1,108.81,New / One-time Recent
14345,United Kingdom,30,1,108.97999999999999,New / One-time Recent
14699,United Kingdom,206,1,109.13000000000001,Hibernating
16363,United Kingdom,45,1,109.36,New / One-time Recent
13133,United Kingdom,265,2,109.80000000000001,Hibernating
17836,United Kingdom,39,1,110.21,New / One-time Recent
17746,United Kingdom,232,1,110.25,Hibernating
17901,United Kingdom,21,1,110.38,New / One-time Recent
18277,United Kingdom,50,1,110.38,New / One-time Recent
16792,United Kingdom,274,2,110.38000000000001,Hibernating
12734,France,344,1,110.39999999999999,Hibernating
14641,United Kingdom,13,1,110.46,New / One-time Recent
16963,United Kingdom,179,1,110.55000000000001,Occasional At Risk
15853,United Kingdom,43,1,110.8,New / One-time Recent
15537,United Kingdom,155,1,110.92,Occasional At Risk
13144,United Kingdom,324,1,110.95,Hibernating
13508,United Kingdom,235,1,110.97,Hibernating
15690,United Kingdom,92,1,111.0,Occasional At Risk
18120,United Kingdom,206,1,111.15,Hibernating
17887,United Kingdom,121,1,111.35,Occasional At Risk
17957,United Kingdom,58,1,111.68,New / One-time Recent
12756,Japan,78,1,112.08,New / One-time Recent
13193,United Kingdom,53,1,112.08,New / One-time Recent
17900,United Kingdom,182,2,112.19999999999999,Hibernating
17967,United Kingdom,363,1,112.27,Hibernating
14271,United Kingdom,217,1,112.32000000000001,Hibernating
17038,United Kingdom,22,1,112.4,New / One-time Recent
15610,United Kingdom,43,1,112.46000000000001,New / One-time Recent
18129,United Kingdom,235,1,112.55,Hibernating
13807,United Kingdom,359,1,112.6,Hibernating
13161,United Kingdom,305,1,112.75,Hibernating
16697,United Kingdom,233,1,112.75,Hibernating
14689,United Kingdom,200,1,112.8,Hibernating
17266,United Kingdom,139,1,113.06,Occasional At Risk
15280,United Kingdom,164,1,113.12,Occasional At Risk
16913,United Kingdom,282,1,113.44,Hibernating
18105,United Kingdom,29,1,113.48,New / One-time Recent
15445,United Kingdom,256,1,113.5,Hibernating
17217,United Kingdom,226,1,113.5,Hibernating
14457,United Kingdom,302,1,113.64,Hibernating
12651,France,326,1,114.0,Hibernating
14582,United Kingdom,32,1,114.11000000000001,New / One-time Recent
12938,United Kingdom,17,1,114.14,New / One-time Recent
14652,United Kingdom,69,1,114.17999999999999,New / One-time Recent
17219,United Kingdom,23,1,114.23,New / One-time Recent
17852,United Kingdom,3,2,114.34,Repeat Active
14632,United Kingdom,254,1,114.56,Hibernating
16247,United Kingdom,162,1,114.56,Occasional At Risk
13188,United Kingdom,3,1,114.60000000000001,New / One-time Recent
14972,United Kingdom,120,1,114.77,Occasional At Risk
18027,United Kingdom,90,1,115.31,New / One-time Recent
13067,United Kingdom,74,1,115.46000000000001,New / One-time Recent
15350,United Kingdom,365,1,115.65,Hibernating
14143,United Kingdom,125,1,115.8,Occasional At Risk
17601,United Kingdom,231,1,116.00999999999999,Hibernating
17117,United Kingdom,280,1,116.19999999999999,Hibernating
13780,United Kingdom,162,1,116.28000000000002,Occasional At Risk
13877,United Kingdom,78,1,117.24,New / One-time Recent
16959,United Kingdom,79,1,117.35000000000001,New / One-time Recent
17654,United Kingdom,269,1,117.55,Hibernating
12929,United Kingdom,303,1,117.85,Hibernating
13581,United Kingdom,301,1,118.0,Hibernating
14076,United Kingdom,121,1,118.67,Occasional At Risk
14155,United Kingdom,258,1,118.75,Hibernating
17079,United Kingdom,70,1,118.80000000000001,New / One-time Recent
15843,United Kingdom,295,1,118.95000000000002,Hibernating
16666,United Kingdom,11,1,118.98,New / One-time Recent
15266,United Kingdom,330,1,119.3,Hibernating
16542,United Kingdom,45,1,119.62,New / One-time Recent
14453,United Kingdom,182,1,119.93,Hibernating
14259,United Kingdom,133,1,120.0,Occasional At Risk
14314,United Kingdom,98,1,120.0,Occasional At Risk
14165,United Kingdom,267,1,120.44,Hibernating
17446,United Kingdom,168,2,120.9,Occasional At Risk
13002,United Kingdom,310,1,120.94999999999999,Hibernating
15512,United Kingdom,147,2,121.0,Occasional At Risk
14413,United Kingdom,354,1,121.05,Hibernating
18030,United Kingdom,34,1,121.1,New / One-time Recent
15049,United Kingdom,265,1,121.17,Hibernating
13182,United Kingdom,37,1,121.18,New / One-time Recent
13244,United Kingdom,84,1,121.74,New / One-time Recent
18018,United Kingdom,100,2,122.14,Occasional At Risk
16073,United Kingdom,289,1,122.39999999999999,Hibernating
17436,United Kingdom,218,1,122.39999999999999,Hibernating
13638,United Kingdom,7,1,122.64,New / One-time Recent
13876,United Kingdom,55,1,122.7,New / One-time Recent
13519,United Kingdom,70,1,122.75,New / One-time Recent
15917,United Kingdom,239,1,123.1,Hibernating
14658,United Kingdom,109,1,123.14,Occasional At Risk
16658,United Kingdom,360,1,123.24,Hibernating
14495,United Kingdom,42,2,123.8,Repeat Active
16849,United Kingdom,178,1,124.57,Occasional At Risk
17148,United Kingdom,43,1,124.88,New / One-time Recent
12531,Germany,6,1,125.22,New / One-time Recent
15017,United Kingdom,25,1,125.58,New / One-time Recent
14890,United Kingdom,245,1,125.65,Hibernating
14861,United Kingdom,44,1,125.79,New / One-time Recent
13522,United Kingdom,22,1,125.80000000000001,New / One-time Recent
12814,Poland,93,1,125.92,Occasional At Risk
15463,United Kingdom,21,1,126.14,New / One-time Recent
16414,United Kingdom,13,2,126.25,Repeat Active
14962,United Kingdom,262,1,126.7,Hibernating
15923,United Kingdom,364,1,127.08,Hibernating
15578,United Kingdom,154,1,127.10000000000001,Occasional At Risk
13781,United Kingdom,242,1,127.84,Hibernating
15543,United Kingdom,280,1,127.86,Hibernating
17359,United Kingdom,3,1,127.86,New / One-time Recent
17297,United Kingdom,9,1,128.18,New / One-time Recent
16828,United Kingdom,85,2,128.5,Repeat Active
15276,United Kingdom,58,1,128.63,New / One-time Recent
16623,United Kingdom,237,1,129.45000000000002,Hibernating
16611,United Kingdom,178,1,129.49,Occasional At Risk
16679,United Kingdom,358,1,129.75,Hibernating
15844,United Kingdom,38,1,130.73999999999998,New / One-time Recent
14795,United Kingdom,158,1,131.45000000000002,Occasional At Risk
17455,United Kingdom,195,1,131.7,Hibernating
12851,United Kingdom,88,1,131.81,New / One-time Recent
14438,United Kingdom,298,1,131.9,Hibernating
17785,United Kingdom,45,1,131.94,New / One-time Recent
18005,United Kingdom,39,1,132.07,New / One-time Recent
12512,Israel,58,2,132.18,Repeat Active
17221,United Kingdom,28,1,132.28,New / One-time Recent
17647,United Kingdom,57,1,133.06,New / One-time Recent
15709,United Kingdom,275,1,133.25,Hibernating
17881,United Kingdom,296,1,133.35,Hibernating
12445,Spain,14,1,133.4,New / One-time Recent
14349,United Kingdom,2,1,133.5,New / One-time Recent
16424,United Kingdom,183,1,133.56,Hibernating
14280,United Kingdom,188,1,134.04,Hibernating
12837,United Kingdom,165,1,134.1,Occasional At Risk
14174,United Kingdom,25,1,134.46,New / One-time Recent
15562,United Kingdom,343,1,134.55,Hibernating
14340,United Kingdom,210,1,134.7,Hibernating
16055,United Kingdom,212,1,134.8,Hibernating
13364,United Kingdom,63,1,134.96,New / One-time Recent
17972,United Kingdom,233,1,135.19,Hibernating
16665,United Kingdom,354,1,135.4,Hibernating
15174,United Kingdom,314,1,135.75,Hibernating
16114,United Kingdom,162,1,135.75000000000003,Occasional At Risk
15419,United Kingdom,16,1,135.85999999999999,New / One-time Recent
14889,United Kingdom,328,1,135.9,Hibernating
15042,United Kingdom,191,1,135.93,Hibernating
12968,United Kingdom,104,1,135.95,Occasional At Risk
16412,United Kingdom,45,1,135.99,New / One-time Recent
16462,United Kingdom,65,3,136.0,Repeat Active
14247,United Kingdom,270,1,136.77,Hibernating
15691,United Kingdom,244,1,136.8,Hibernating
17468,United Kingdom,2,2,137.0,Repeat Active
14483,United Kingdom,273,1,137.1,Hibernating
15836,United Kingdom,42,1,137.37,New / One-time Recent
17709,United Kingdom,161,1,137.45000000000002,Occasional At Risk
13279,United Kingdom,70,1,137.75,New / One-time Recent
16050,United Kingdom,165,1,137.9,Occasional At Risk
15663,United Kingdom,98,1,138.14,Occasional At Risk
13716,United Kingdom,261,1,138.28,Hibernating
17122,United Kingdom,111,1,138.32,Occasional At Risk
14581,United Kingdom,8,1,138.6,New / One-time Recent
12902,United Kingdom,256,1,138.68,Hibernating
13273,United Kingdom,105,1,138.98,Occasional At Risk
15135,United Kingdom,231,1,139.05,Hibernating
18209,United Kingdom,20,1,139.10000000000002,New / One-time Recent
14772,United Kingdom,104,1,139.26,Occasional At Risk
16483,United Kingdom,184,1,139.35,Hibernating
17718,United Kingdom,224,1,139.35,Hibernating
14494,United Kingdom,17,1,139.56,New / One-time Recent
13483,United Kingdom,57,1,140.34,New / One-time Recent
15388,Canada,262,1,140.54,Hibernating
15503,United Kingdom,354,1,141.04,Hibernating
14041,United Kingdom,258,1,141.41,Hibernating
13561,United Kingdom,207,1,141.85999999999999,Hibernating
17859,United Kingdom,296,1,141.92000000000002,Hibernating
13584,United Kingdom,298,1,142.4,Hibernating
14386,United Kingdom,288,1,142.4,Hibernating
13299,United Kingdom,260,1,142.5,Hibernating
16287,United Kingdom,161,1,142.5,Occasional At Risk
16461,United Kingdom,169,1,142.92,Occasional At Risk
15705,United Kingdom,193,1,143.1,Hibernating
17578,United Kingdom,210,1,143.46,Hibernating
15883,United Kingdom,25,1,143.76,New / One-time Recent
17186,United Kingdom,38,2,144.0,Repeat Active
14109,United Kingdom,64,1,144.2,New / One-time Recent
15748,United Kingdom,32,1,144.36,New / One-time Recent
12974,United Kingdom,189,1,144.8,Hibernating
16852,United Kingdom,2,2,144.91,Repeat Active
17524,United Kingdom,353,1,145.0,Hibernating
16598,United Kingdom,277,1,145.04999999999998,Hibernating
15937,United Kingdom,56,1,145.35,New / One-time Recent
13866,United Kingdom,66,1,145.67000000000002,New / One-time Recent
17935,United Kingdom,130,2,145.79,Occasional At Risk
12565,Saudi Arabia,280,1,145.92,Hibernating
16893,United Kingdom,358,1,145.93,Hibernating
14238,United Kingdom,318,1,146.85,Hibernating
17030,United Kingdom,55,1,146.87,New / One-time Recent
12864,United Kingdom,130,1,147.12,Occasional At Risk
14037,United Kingdom,168,2,147.2,Occasional At Risk
14098,United Kingdom,28,1,147.35,New / One-time Recent
14968,United Kingdom,22,1,147.59,New / One-time Recent
15526,United Kingdom,25,2,148.44,Repeat Active
17549,United Kingdom,15,2,148.86,Repeat Active
13003,United Kingdom,97,3,149.05,Occasional At Risk
15435,United Kingdom,14,1,149.29,New / One-time Recent
18262,United Kingdom,132,1,149.48,Occasional At Risk
17946,United Kingdom,225,2,149.57999999999998,Hibernating
15869,United Kingdom,269,2,149.64,Hibernating
17234,United Kingdom,174,1,149.89,Occasional At Risk
16932,United Kingdom,45,1,150.23,New / One-time Recent
15717,United Kingdom,226,1,150.3,Hibernating
18200,United Kingdom,98,1,150.35,Occasional At Risk
14073,United Kingdom,24,1,151.04,New / One-time Recent
16337,United Kingdom,28,1,151.05,New / One-time Recent
13697,United Kingdom,30,1,151.29999999999998,New / One-time Recent
17286,United Kingdom,13,1,151.37,New / One-time Recent
13462,United Kingdom,244,1,151.5,Hibernating
14362,United Kingdom,14,1,151.5,New / One-time Recent
14208,United Kingdom,86,1,151.74,New / One-time Recent
16617,United Kingdom,227,1,151.85,Hibernating
17898,United Kingdom,77,2,152.06,Repeat Active
14039,United Kingdom,25,1,152.2,New / One-time Recent
13514,United Kingdom,65,1,152.20000000000002,New / One-time Recent
17707,United Kingdom,177,2,152.4,Occasional At Risk
14066,United Kingdom,258,1,152.55,Hibernating
18138,United Kingdom,287,1,152.65,Hibernating
17984,United Kingdom,137,1,152.68,Occasional At Risk
14813,United Kingdom,361,2,152.88,Hibernating
16248,United Kingdom,53,1,152.94,New / One-time Recent
16720,United Kingdom,18,1,152.95,New / One-time Recent
17714,United Kingdom,312,1,153.0,Hibernating
18273,United Kingdom,87,2,153.0,Repeat Active
12602,France,50,1,153.12,New / One-time Recent
16351,United Kingdom,324,1,153.9,Hibernating
17517,United Kingdom,300,1,153.94,Hibernating
16921,United Kingdom,53,1,154.18,New / One-time Recent
16406,United Kingdom,10,1,154.35,New / One-time Recent
15226,United Kingdom,302,1,154.41,Hibernating
17899,United Kingdom,151,1,154.54999999999998,Occasional At Risk
17026,United Kingdom,177,2,154.82999999999998,Occasional At Risk
15740,United Kingdom,41,1,154.88,New / One-time Recent
17698,United Kingdom,252,1,154.95,Hibernating
14046,United Kingdom,276,1,154.99,Hibernating
14368,United Kingdom,311,1,155.0,Hibernating
13809,Cyprus,297,1,155.05,Hibernating
15447,United Kingdom,322,1,155.17,Hibernating
12738,Germany,364,1,155.35,Hibernating
17832,United Kingdom,41,1,155.37,New / One-time Recent
17871,United Kingdom,196,1,155.9,Hibernating
13898,United Kingdom,317,1,155.93,Hibernating
17885,United Kingdom,4,1,156.34,New / One-time Recent
15263,United Kingdom,98,1,156.51,Occasional At Risk
15438,United Kingdom,123,1,156.58,Occasional At Risk
14406,United Kingdom,111,1,156.75,Occasional At Risk
15988,United Kingdom,11,1,156.78,New / One-time Recent
15007,United Kingdom,151,1,156.91,Occasional At Risk
17118,United Kingdom,309,1,157.02,Hibernating
14585,United Kingdom,42,1,157.05,New / One-time Recent
17128,United Kingdom,326,1,157.09,Hibernating
14148,United Kingdom,225,1,157.2,Hibernating
17344,United Kingdom,38,1,157.62,New / One-time Recent
14799,United Kingdom,43,1,157.7,New / One-time Recent
17556,United Kingdom,197,1,157.9,Hibernating
18004,United Kingdom,354,1,157.92,Hibernating
15348,United Kingdom,64,1,158.04,New / One-time Recent
15160,United Kingdom,349,1,158.16,Hibernating
17165,United Kingdom,276,1,158.68,Hibernating
14089,United Kingdom,48,1,158.75,New / One-time Recent
15167,United Kingdom,312,1,158.8,Hibernating
13937,United Kingdom,161,1,158.85,Occasional At Risk
18224,United Kingdom,255,1,158.95000000000002,Hibernating
16213,United Kingdom,70,1,159.0,New / One-time Recent
13420,United Kingdom,141,2,159.85,Occasional At Risk
13598,United Kingdom,39,1,160.04,New / One-time Recent
12966,United Kingdom,1,1,160.18,New / One-time Recent
14714,United Kingdom,16,1,160.19,New / One-time Recent
18146,United Kingdom,132,2,160.35000000000002,Occasional At Risk
18203,United Kingdom,149,1,160.42,Occasional At Risk
12573,France,219,1,160.54,Hibernating
15852,United Kingdom,178,2,160.71,Occasional At Risk
13229,United Kingdom,217,1,160.95,Hibernating
14237,United Kingdom,365,1,161.0,Hibernating
16113,United Kingdom,175,1,161.38,Occasional At Risk
17157,United Kingdom,168,1,161.46,Occasional At Risk
15458,United Kingdom,17,1,161.64,New / One-time Recent
17600,United Kingdom,9,1,161.67000000000002,New / One-time Recent
15325,United Kingdom,95,1,161.74,Occasional At Risk
17668,United Kingdom,30,1,161.85,New / One-time Recent
18014,United Kingdom,20,1,162.22,New / One-time Recent
15733,United Kingdom,274,1,162.3,Hibernating
17250,United Kingdom,253,1,162.65,Hibernating
16517,United Kingdom,269,1,162.7,Hibernating
12920,United Kingdom,9,1,162.78,New / One-time Recent
14485,United Kingdom,30,1,162.8,New / One-time Recent
13223,United Kingdom,192,2,163.20000000000002,Hibernating
17301,United Kingdom,13,1,163.24,New / One-time Recent
17110,United Kingdom,157,1,163.29999999999998,Occasional At Risk
16149,United Kingdom,134,1,163.68,Occasional At Risk
14552,United Kingdom,143,1,164.22,Occasional At Risk
13603,United Kingdom,18,1,164.34,New / One-time Recent
17535,United Kingdom,272,1,164.4,Hibernating
13470,United Kingdom,91,2,165.0,Occasional At Risk
14520,United Kingdom,282,1,165.0,Hibernating
15316,United Kingdom,318,1,165.0,Hibernating
18042,United Kingdom,45,1,165.04999999999998,New / One-time Recent
17561,United Kingdom,11,1,165.12,New / One-time Recent
13173,United Kingdom,359,1,165.94,Hibernating
18088,United Kingdom,53,1,166.03,New / One-time Recent
12817,Austria,273,1,166.04,Hibernating
17650,United Kingdom,13,1,166.08,New / One-time Recent
14295,United Kingdom,32,1,166.20000000000002,New / One-time Recent
16405,United Kingdom,294,2,167.25,Hibernating
15920,United Kingdom,146,4,167.5,Occasional At Risk
17367,United Kingdom,230,1,167.55,Hibernating
16952,United Kingdom,101,2,167.60999999999999,Occasional At Risk
16313,United Kingdom,41,1,167.62,New / One-time Recent
12551,Spain,349,1,168.0,Hibernating
15374,United Kingdom,120,1,168.0,Occasional At Risk
15986,United Kingdom,22,1,168.12,New / One-time Recent
17737,United Kingdom,1,2,168.24,Repeat Active
16282,United Kingdom,331,1,168.3,Hibernating
15888,United Kingdom,72,1,168.31,New / One-time Recent
18099,United Kingdom,119,1,168.31,Occasional At Risk
18269,United Kingdom,358,1,168.6,Hibernating
17254,United Kingdom,7,1,169.06,New / One-time Recent
14218,United Kingdom,34,1,169.48000000000002,New / One-time Recent
13962,United Kingdom,13,2,169.55,Repeat Active
15016,United Kingdom,164,1,170.04,Occasional At Risk
18058,United Kingdom,1,1,170.16,New / One-time Recent
15335,United Kingdom,45,1,170.22,New / One-time Recent
14860,United Kingdom,11,1,170.32,New / One-time Recent
12962,United Kingdom,105,1,170.54,Occasional At Risk
17542,United Kingdom,261,1,170.75,Hibernating
14536,United Kingdom,251,1,170.95,Hibernating
15432,United Kingdom,15,1,171.19,New / One-time Recent
17245,United Kingdom,196,1,171.45,Hibernating
16773,United Kingdom,49,1,171.59,New / One-time Recent
13690,United Kingdom,51,1,172.25,New / One-time Recent
13922,United Kingdom,343,1,172.25,Hibernating
18048,United Kingdom,195,2,172.29000000000002,Hibernating
12923,United Kingdom,56,1,172.82,New / One-time Recent
14693,United Kingdom,256,1,172.9,Hibernating
15670,United Kingdom,288,1,173.05,Hibernating
15565,United Kingdom,42,2,173.16000000000003,Repeat Active
17772,United Kingdom,2,2,173.45000000000002,Repeat Active
12441,France,358,1,173.55,Hibernating
16565,United Kingdom,356,1,173.7,Hibernating
14798,United Kingdom,44,3,173.74,Repeat Active
16861,United Kingdom,51,2,173.76,Repeat Active
18278,United Kingdom,65,1,173.9,New / One-time Recent
14518,United Kingdom,56,1,174.37,New / One-time Recent
14355,United Kingdom,357,1,174.4,Hibernating
18010,United Kingdom,248,1,174.8,Hibernating
16144,United Kingdom,238,1,175.2,Hibernating
17331,United Kingdom,115,1,175.2,Occasional At Risk
17582,United Kingdom,228,1,175.27,Hibernating
18274,United Kingdom,22,1,175.92,New / One-time Recent
12509,France,276,1,176.5,Hibernating
12893,United Kingdom,22,1,176.55,New / One-time Recent
17947,United Kingdom,29,1,176.68,New / One-time Recent
13072,United Kingdom,258,1,177.15,Hibernating
12618,Italy,13,1,177.31,New / One-time Recent
13618,United Kingdom,165,1,177.34,Occasional At Risk
16403,United Kingdom,304,1,177.5,Hibernating
17356,United Kingdom,303,1,178.22,Hibernating
17253,United Kingdom,10,1,178.26,New / One-time Recent
18045,United Kingdom,37,1,178.34,New / One-time Recent
15292,United Kingdom,193,1,178.39,Hibernating
17879,United Kingdom,165,1,178.51999999999998,Occasional At Risk
13778,United Kingdom,95,1,178.7,Occasional At Risk
17660,United Kingdom,133,1,178.75,Occasional At Risk
15262,United Kingdom,315,1,178.95000000000002,Hibernating
15139,United Kingdom,231,2,178.96,Hibernating
14705,United Kingdom,190,1,179.0,Hibernating
16990,United Kingdom,210,1,179.0,Hibernating
15454,United Kingdom,354,1,179.1,Hibernating
15895,United Kingdom,141,1,179.17,Occasional At Risk
18147,United Kingdom,37,2,179.33999999999997,Repeat Active
15041,United Kingdom,162,1,179.93,Occasional At Risk
12622,Germany,224,1,180.1,Hibernating
14722,United Kingdom,139,1,180.42000000000002,Occasional At Risk
13710,United Kingdom,23,1,180.48,New / One-time Recent
18280,United Kingdom,269,1,180.60000000000002,Hibernating
18119,United Kingdom,359,1,180.7,Hibernating
16835,United Kingdom,120,2,180.85000000000002,Occasional At Risk
15945,United Kingdom,357,1,181.0,Hibernating
17904,United Kingdom,13,1,181.07,New / One-time Recent
15886,United Kingdom,52,1,181.09,New / One-time Recent
16594,United Kingdom,67,1,181.09,New / One-time Recent
14082,United Kingdom,356,1,182.25,Hibernating
16448,United Kingdom,190,1,182.99,Hibernating
14966,United Kingdom,6,1,183.02,New / One-time Recent
13059,United Kingdom,241,1,183.4,Hibernating
13460,United Kingdom,21,2,183.44,Repeat Active
14059,United Kingdom,258,1,183.6,Hibernating
16680,United Kingdom,35,1,183.7,New / One-time Recent
16914,United Kingdom,28,1,183.76,New / One-time Recent
14326,United Kingdom,234,1,183.85,Hibernating
15124,United Kingdom,14,2,184.19,Repeat Active
16433,United Kingdom,20,1,184.26,New / One-time Recent
17680,United Kingdom,15,1,184.4,New / One-time Recent
13482,United Kingdom,224,1,184.64,Hibernating
16097,United Kingdom,232,1,185.04999999999998,Hibernating
14199,United Kingdom,210,1,185.39999999999998,Hibernating
17574,United Kingdom,234,1,185.65,Hibernating
12641,Sweden,107,1,185.9,Occasional At Risk
15567,United Kingdom,10,1,186.01,New / One-time Recent
14551,United Kingdom,10,2,186.23000000000002,Repeat Active
13672,United Kingdom,293,2,186.39000000000001,Hibernating
17440,United Kingdom,148,3,186.42,Occasional At Risk
13568,United Kingdom,165,1,187.05,Occasional At Risk
18013,United Kingdom,147,2,187.29000000000002,Occasional At Risk
17279,United Kingdom,49,1,187.83,New / One-time Recent
17781,United Kingdom,151,2,188.01999999999998,Occasional At Risk
14697,United Kingdom,210,2,188.60999999999999,Hibernating
14830,United Kingdom,45,1,188.88,New / One-time Recent
14801,United Kingdom,53,1,189.34,New / One-time Recent
13663,United Kingdom,171,1,189.47,Occasional At Risk
13826,United Kingdom,168,1,189.5,Occasional At Risk
12361,Belgium,279,1,189.9,Hibernating
13079,United Kingdom,13,4,190.10000000000002,Repeat Active
13972,United Kingdom,62,2,190.25,Repeat Active
15412,United Kingdom,163,1,190.53,Occasional At Risk
13033,United Kingdom,349,1,190.55,Hibernating
15723,United Kingdom,356,1,190.70000000000002,Hibernating
17233,United Kingdom,27,1,190.88,New / One-time Recent
15692,United Kingdom,20,1,191.04,New / One-time Recent
15909,United Kingdom,165,1,191.93999999999997,Occasional At Risk
14100,United Kingdom,129,1,191.95000000000002,Occasional At Risk
17608,United Kingdom,25,2,191.99,Repeat Active
16887,United Kingdom,27,1,192.33,New / One-time Recent
13083,United Kingdom,67,1,192.39,New / One-time Recent
12791,Netherlands,365,1,192.60000000000002,Hibernating
14768,United Kingdom,9,2,192.60000000000002,Repeat Active
12522,Germany,31,2,192.72,Repeat Active
14476,United Kingdom,249,1,193.0,Hibernating
14806,United Kingdom,67,1,193.39,New / One-time Recent
16847,United Kingdom,35,1,193.44,New / One-time Recent
15198,United Kingdom,84,2,193.64,Repeat Active
17343,United Kingdom,347,1,193.64,Hibernating
15683,United Kingdom,109,1,193.75,Occasional At Risk
17475,United Kingdom,71,1,194.37,New / One-time Recent
15612,United Kingdom,28,2,195.15,Repeat Active
14666,United Kingdom,16,1,195.25,New / One-time Recent
17010,United Kingdom,10,1,195.36,New / One-time Recent
13792,United Kingdom,58,2,195.55,Repeat Active
16112,United Kingdom,135,4,195.74,Occasional At Risk
13978,United Kingdom,6,2,196.79000000000002,Repeat Active
15746,United Kingdom,126,1,196.88,Occasional At Risk
12586,Italy,9,1,196.94000000000003,New / One-time Recent
15234,United Kingdom,268,1,197.0,Hibernating
16829,United Kingdom,148,1,197.22,Occasional At Risk
14789,United Kingdom,20,1,197.64000000000001,New / One-time Recent
14185,United Kingdom,323,1,197.65,Hibernating
12581,Germany,31,1,197.71,New / One-time Recent
12450,Spain,148,2,197.88,Occasional At Risk
16178,United Kingdom,130,1,197.9,Occasional At Risk
17987,United Kingdom,177,1,198.57,Occasional At Risk
18110,United Kingdom,11,1,198.8,New / One-time Recent
16832,United Kingdom,176,3,199.15,Occasional At Risk
13322,United Kingdom,9,1,199.48000000000002,New / One-time Recent
15593,United Kingdom,62,1,199.8,New / One-time Recent
13723,United Kingdom,209,1,199.85000000000002,Hibernating
14782,United Kingdom,311,1,200.10000000000002,Hibernating
13980,United Kingdom,52,1,200.14,New / One-time Recent
15437,United Kingdom,254,1,200.16,Hibernating
16415,United Kingdom,36,1,200.27,New / One-time Recent
13262,United Kingdom,255,1,200.29,Hibernating
17693,United Kingdom,129,1,200.47,Occasional At Risk
18126,United Kingdom,52,1,200.92,New / One-time Recent
17988,United Kingdom,3,7,201.12,Loyal Active
13859,United Kingdom,318,1,201.16,Hibernating
13284,United Kingdom,322,1,201.19,Hibernating
16965,United Kingdom,218,1,201.19,Hibernating
13295,United Kingdom,351,1,201.20000000000002,Hibernating
17889,United Kingdom,204,2,201.37,Hibernating
15347,United Kingdom,358,1,201.60000000000002,Hibernating
13428,United Kingdom,2,1,201.78,New / One-time Recent
14385,United Kingdom,1,3,202.10999999999999,Repeat Active
16895,United Kingdom,56,1,202.27,New / One-time Recent
14984,United Kingdom,11,2,202.37,Repeat Active
18169,United Kingdom,52,1,202.65,New / One-time Recent
14381,United Kingdom,44,1,202.68,New / One-time Recent
17376,United Kingdom,62,2,203.2,Repeat Active
17891,United Kingdom,154,1,203.85999999999999,Occasional At Risk
17394,United Kingdom,211,1,203.86999999999998,Hibernating
17187,United Kingdom,218,1,203.95,Hibernating
17206,United Kingdom,45,1,204.24,New / One-time Recent
15319,United Kingdom,275,1,204.5,Hibernating
13513,United Kingdom,118,1,205.1,Occasional At Risk
15758,United Kingdom,16,1,205.25,New / One-time Recent
15307,United Kingdom,87,1,205.3,New / One-time Recent
17843,United Kingdom,295,1,205.48,Hibernating
17670,United Kingdom,219,1,205.7,Hibernating
13065,United Kingdom,365,1,205.86,Hibernating
14964,United Kingdom,239,1,206.21,Hibernating
17166,United Kingdom,30,2,206.34,Repeat Active
15820,United Kingdom,311,1,206.98,Hibernating
15925,United Kingdom,186,1,207.15,Hibernating
13099,United Kingdom,91,1,207.35999999999999,Occasional At Risk
16752,United Kingdom,364,1,207.5,Hibernating
16323,United Kingdom,188,1,207.50000000000003,Hibernating
17923,United Kingdom,274,1,207.50000000000003,Hibernating
15052,United Kingdom,311,1,207.73000000000002,Hibernating
16866,United Kingdom,132,3,207.73999999999998,Occasional At Risk
18191,United Kingdom,253,1,207.79999999999998,Hibernating
12547,Spain,189,2,207.8,Hibernating
17232,United Kingdom,6,1,208.04,New / One-time Recent
16457,United Kingdom,210,1,208.36,Hibernating
15897,United Kingdom,186,2,208.58999999999997,Hibernating
17514,United Kingdom,120,1,208.65,Occasional At Risk
15327,United Kingdom,44,1,208.75,New / One-time Recent
17855,United Kingdom,364,1,208.97,Hibernating
13828,United Kingdom,14,1,209.49,New / One-time Recent
13532,United Kingdom,25,1,210.31,New / One-time Recent
12995,United Kingdom,77,1,211.32,New / One-time Recent
13271,United Kingdom,29,1,211.49,New / One-time Recent
15703,United Kingdom,256,1,211.5,Hibernating
16411,United Kingdom,11,2,211.70000000000002,Repeat Active
16356,United Kingdom,189,3,211.77,Hibernating
16017,United Kingdom,39,1,211.88,New / One-time Recent
15866,United Kingdom,93,1,211.89,Occasional At Risk
17928,United Kingdom,37,2,212.54000000000002,Repeat Active
16322,United Kingdom,28,1,213.07999999999998,New / One-time Recent
15540,United Kingdom,3,1,213.3,New / One-time Recent
16591,United Kingdom,60,1,213.5,New / One-time Recent
13411,United Kingdom,99,1,213.55,Occasional At Risk
14241,United Kingdom,175,1,213.70000000000002,Occasional At Risk
17153,United Kingdom,16,1,213.78,New / One-time Recent
13621,United Kingdom,108,1,213.85,Occasional At Risk
14601,United Kingdom,2,1,213.96,New / One-time Recent
16647,United Kingdom,161,2,214.06,Occasional At Risk
15460,United Kingdom,346,1,214.26,Hibernating
16846,United Kingdom,42,1,214.32,New / One-time Recent
17619,United Kingdom,304,1,214.37,Hibernating
16338,United Kingdom,149,1,214.8,Occasional At Risk
12588,Finland,31,1,214.89999999999998,New / One-time Recent
12831,United Kingdom,254,1,215.04999999999998,Hibernating
16519,United Kingdom,17,2,215.07999999999998,Repeat Active
16190,United Kingdom,32,1,215.08,New / One-time Recent
16189,United Kingdom,7,2,215.48,Repeat Active
17580,United Kingdom,244,3,215.72,Hibernating
16179,United Kingdom,52,1,215.83,New / One-time Recent
18212,United Kingdom,318,1,216.07,Hibernating
13858,United Kingdom,49,1,216.17,New / One-time Recent
14104,United Kingdom,146,2,216.21,Occasional At Risk
15604,United Kingdom,44,1,216.39,New / One-time Recent
12897,United Kingdom,196,2,216.5,Hibernating
13503,United Kingdom,63,1,216.85,New / One-time Recent
13739,United Kingdom,10,1,216.9,New / One-time Recent
16080,United Kingdom,73,2,217.16,Repeat Active
15554,United Kingdom,269,1,217.2,Hibernating
13404,United Kingdom,204,1,217.81,Hibernating
16392,United Kingdom,261,1,217.89,Hibernating
16634,United Kingdom,214,2,217.9,Hibernating
14570,United Kingdom,272,2,218.06,Hibernating
15724,United Kingdom,193,2,218.25,Hibernating
12574,France,307,1,218.45000000000002,Hibernating
13669,United Kingdom,42,2,218.55,Repeat Active
15790,United Kingdom,2,1,218.75,New / One-time Recent
12702,Germany,11,1,219.0,New / One-time Recent
15096,United Kingdom,34,1,219.39000000000001,New / One-time Recent
13600,United Kingdom,304,1,219.52,Hibernating
18114,United Kingdom,282,1,220.1,Hibernating
18154,United Kingdom,35,1,220.48999999999998,New / One-time Recent
16482,United Kingdom,7,1,220.62,New / One-time Recent
12673,Germany,318,1,220.9,Hibernating
13419,United Kingdom,55,1,221.06,New / One-time Recent
14598,United Kingdom,36,1,221.97,New / One-time Recent
18101,United Kingdom,3,2,222.4,Repeat Active
16777,United Kingdom,72,2,222.62,Repeat Active
13382,United Kingdom,272,1,222.99,Hibernating
15637,United Kingdom,44,1,223.36,New / One-time Recent
17534,United Kingdom,45,1,223.36,New / One-time Recent
13926,United Kingdom,15,1,223.85000000000002,New / One-time Recent
14929,United Kingdom,24,1,223.88,New / One-time Recent
16753,United Kingdom,50,1,223.92000000000002,New / One-time Recent
16471,United Kingdom,266,1,223.95000000000002,Hibernating
15175,United Kingdom,63,1,224.14,New / One-time Recent
16933,United Kingdom,231,1,224.73,Hibernating
17171,United Kingdom,281,1,224.91,Hibernating
14357,United Kingdom,35,1,225.12,New / One-time Recent
16587,United Kingdom,224,1,225.15,Hibernating
15483,United Kingdom,153,4,225.26,Occasional At Risk
14052,United Kingdom,11,1,225.36,New / One-time Recent
16690,United Kingdom,64,2,225.57999999999998,Repeat Active
12402,Belgium,315,1,225.6,Hibernating
14624,United Kingdom,49,2,225.85,Repeat Active
12672,France,321,1,225.9,Hibernating
17789,United Kingdom,273,1,225.9,Hibernating
16619,United Kingdom,255,1,226.21,Hibernating
16315,United Kingdom,322,1,226.37,Hibernating
17860,United Kingdom,360,1,226.45000000000002,Hibernating
17572,United Kingdom,63,4,226.75,Repeat Active
13474,United Kingdom,228,1,226.84,Hibernating
17212,United Kingdom,245,1,226.85,Hibernating
13954,United Kingdom,62,1,227.41,New / One-time Recent
16527,United Kingdom,73,1,228.06000000000003,New / One-time Recent
17835,United Kingdom,1,2,228.10000000000002,Repeat Active
17969,United Kingdom,158,2,228.2,Occasional At Risk
13070,United Kingdom,184,1,228.8,Hibernating
13712,United Kingdom,238,1,228.84,Hibernating
13146,United Kingdom,18,1,228.91,New / One-time Recent
17347,United Kingdom,78,1,228.96,New / One-time Recent
14793,United Kingdom,13,1,228.99,New / One-time Recent
15528,United Kingdom,246,1,229.33,Hibernating
13008,United Kingdom,315,1,229.46999999999997,Hibernating
12812,Japan,36,1,229.64000000000001,New / One-time Recent
13960,United Kingdom,13,2,230.22,Repeat Active
16926,United Kingdom,363,1,230.25,Hibernating
13786,United Kingdom,359,1,230.39999999999998,Hibernating
17125,United Kingdom,42,1,230.5,New / One-time Recent
16445,United Kingdom,25,1,230.51,New / One-time Recent
16641,United Kingdom,97,1,231.1,Occasional At Risk
17111,United Kingdom,39,1,231.61,New / One-time Recent
15393,United Kingdom,8,2,231.86,Repeat Active
14995,United Kingdom,30,2,231.98000000000002,Repeat Active
17908,United Kingdom,365,1,232.03,Hibernating
16117,United Kingdom,181,1,232.21,Hibernating
18213,United Kingdom,228,1,232.48000000000002,Hibernating
13678,United Kingdom,143,1,232.6,Occasional At Risk
16302,United Kingdom,118,1,233.22,Occasional At Risk
16583,United Kingdom,365,1,233.45000000000002,Hibernating
13348,United Kingdom,56,1,233.76,New / One-time Recent
12736,France,324,1,234.0,Hibernating
16961,United Kingdom,108,1,234.17,Occasional At Risk
17060,United Kingdom,258,1,234.24,Hibernating
14473,United Kingdom,66,2,234.34,Repeat Active
15462,United Kingdom,86,3,234.6,Repeat Active
15850,United Kingdom,11,2,234.88,Repeat Active
14375,United Kingdom,177,1,235.56,Occasional At Risk
13417,United Kingdom,197,1,236.0,Hibernating
13187,United Kingdom,329,1,236.02,Hibernating
14647,United Kingdom,193,1,236.04,Hibernating
16026,United Kingdom,35,1,236.09,New / One-time Recent
12732,France,171,1,236.26000000000002,Occasional At Risk
15457,United Kingdom,254,1,237.07,Hibernating
14586,United Kingdom,268,1,237.36,Hibernating
17877,United Kingdom,162,1,237.60999999999999,Occasional At Risk
12718,France,63,1,238.25,New / One-time Recent
12561,Germany,294,1,238.85,Hibernating
15877,United Kingdom,9,1,239.31,New / One-time Recent
16756,United Kingdom,206,1,239.4,Hibernating
17684,United Kingdom,35,1,239.41,New / One-time Recent
16851,United Kingdom,34,2,239.45999999999998,Repeat Active
13570,United Kingdom,235,1,239.49,Hibernating
17181,United Kingdom,49,2,239.92000000000002,Repeat Active
17256,United Kingdom,99,2,240.0,Occasional At Risk
13565,United Kingdom,11,2,240.22,Repeat Active
15286,United Kingdom,41,1,240.55,New / One-time Recent
15598,United Kingdom,45,1,240.68,New / One-time Recent
17051,United Kingdom,186,1,240.89,Hibernating
16427,United Kingdom,255,2,241.06,Hibernating
14523,United Kingdom,100,1,241.09,Occasional At Risk
15776,United Kingdom,125,1,241.62,Occasional At Risk
16215,United Kingdom,72,1,242.35,New / One-time Recent
16601,United Kingdom,32,1,242.7,New / One-time Recent
17339,United Kingdom,86,2,243.36,Repeat Active
15634,United Kingdom,9,1,243.55,New / One-time Recent
13886,United Kingdom,63,1,243.56,New / One-time Recent
18193,United Kingdom,157,1,243.76,Occasional At Risk
16793,United Kingdom,49,1,243.84,New / One-time Recent
13103,United Kingdom,31,1,243.94,New / One-time Recent
17925,United Kingdom,364,1,244.08,Hibernating
17892,United Kingdom,48,3,244.1,Repeat Active
15118,United Kingdom,126,1,244.8,Occasional At Risk
12660,France,3,1,245.1,New / One-time Recent
17771,United Kingdom,48,2,245.81,Repeat Active
16778,United Kingdom,66,2,245.94,Repeat Active
17278,United Kingdom,233,1,246.04,Hibernating
15783,United Kingdom,2,1,246.3,New / One-time Recent
16495,United Kingdom,268,2,246.51,Hibernating
13349,United Kingdom,2,1,247.32,New / One-time Recent
18009,United Kingdom,227,1,247.39,Hibernating
18072,United Kingdom,177,1,247.44,Occasional At Risk
13592,United Kingdom,27,4,247.95999999999998,Repeat Active
16510,United Kingdom,364,1,248.1,Hibernating
13061,United Kingdom,64,1,248.61,New / One-time Recent
16124,United Kingdom,309,1,249.0,Hibernating
17456,United Kingdom,357,1,249.85999999999999,Hibernating
15510,United Kingdom,322,1,250.0,Hibernating
17303,United Kingdom,353,1,250.04,Hibernating
16596,United Kingdom,7,2,250.15,Repeat Active
13207,United Kingdom,7,2,250.26,Repeat Active
16024,United Kingdom,4,1,251.03,New / One-time Recent
13512,United Kingdom,252,1,251.21,Hibernating
14501,United Kingdom,175,2,251.21,Occasional At Risk
16976,United Kingdom,259,1,251.51999999999998,Hibernating
17155,United Kingdom,9,2,251.7,Repeat Active
16836,United Kingdom,31,2,251.87,Repeat Active
16330,United Kingdom,9,3,251.91,Repeat Active
13711,United Kingdom,210,2,252.06,Hibernating
13645,United Kingdom,112,1,252.1,Occasional At Risk
15346,United Kingdom,324,1,252.42000000000002,Hibernating
15035,United Kingdom,81,1,252.73000000000002,New / One-time Recent
15019,United Kingdom,258,1,252.81,Hibernating
15759,United Kingdom,210,3,253.04000000000002,Hibernating
16968,United Kingdom,99,1,253.31,Occasional At Risk
12797,Portugal,357,1,254.03,Hibernating
15689,United Kingdom,111,2,254.1,Occasional At Risk
14765,United Kingdom,21,3,254.11,Repeat Active
12604,France,71,2,254.18,Repeat Active
15154,United Kingdom,67,1,254.28,New / One-time Recent
15261,United Kingdom,127,1,254.82,Occasional At Risk
14594,United Kingdom,365,1,255.0,Hibernating
16226,United Kingdom,195,3,255.12,Hibernating
14881,United Kingdom,11,1,255.4,New / One-time Recent
15277,United Kingdom,38,1,255.89999999999998,New / One-time Recent
14761,United Kingdom,50,2,255.9,Repeat Active
16447,United Kingdom,127,1,255.91,Occasional At Risk
17385,United Kingdom,6,1,256.11,New / One-time Recent
16727,United Kingdom,356,1,256.32,Hibernating
17896,United Kingdom,15,1,256.32,New / One-time Recent
13806,United Kingdom,55,1,256.38,New / One-time Recent
12430,Norway,35,1,256.4,New / One-time Recent
16048,United Kingdom,365,2,256.44000000000005,Hibernating
13626,United Kingdom,244,1,257.23,Hibernating
15014,United Kingdom,35,2,257.67,Repeat Active
13227,United Kingdom,193,1,257.7,Hibernating
15894,United Kingdom,245,2,258.25,Hibernating
13277,United Kingdom,7,4,258.4,Repeat Active
15577,United Kingdom,143,3,258.88,Occasional At Risk
14452,United Kingdom,2,2,259.05,Repeat Active
13127,United Kingdom,69,1,259.17,New / One-time Recent
15143,United Kingdom,217,1,259.45,Hibernating
14053,United Kingdom,116,2,260.25,Occasional At Risk
13189,United Kingdom,10,2,260.68,Repeat Active
16936,United Kingdom,17,1,261.9,New / One-time Recent
16413,United Kingdom,48,1,262.2,New / One-time Recent
17194,United Kingdom,265,2,262.62,Hibernating
12492,Germany,55,2,263.21,Repeat Active
17708,United Kingdom,179,2,263.33,Occasional At Risk
17403,United Kingdom,28,1,263.92,New / One-time Recent
15912,United Kingdom,170,2,264.62,Occasional At Risk
13973,United Kingdom,279,1,264.7,Hibernating
16561,United Kingdom,51,1,264.96,New / One-time Recent
17968,United Kingdom,365,1,265.1,Hibernating
14423,United Kingdom,210,1,265.2,Hibernating
17430,United Kingdom,24,2,265.76,Repeat Active
14068,United Kingdom,312,1,265.85,Hibernating
15119,United Kingdom,237,1,266.40000000000003,Hibernating
13837,United Kingdom,203,2,266.59000000000003,Hibernating
14863,United Kingdom,21,1,266.76,New / One-time Recent
17786,United Kingdom,77,2,266.85,Repeat Active
16451,United Kingdom,79,1,266.97,New / One-time Recent
15517,United Kingdom,225,1,267.03,Hibernating
15320,United Kingdom,36,1,267.13,New / One-time Recent
17550,United Kingdom,189,3,267.15999999999997,Hibernating
15408,United Kingdom,256,1,267.18,Hibernating
14508,United Kingdom,14,2,268.05,Repeat Active
14727,United Kingdom,266,1,268.58,Hibernating
13533,United Kingdom,174,3,269.09,Occasional At Risk
17817,United Kingdom,269,2,269.7,Hibernating
17251,United Kingdom,354,1,269.83,Hibernating
13242,United Kingdom,104,3,270.40000000000003,Occasional At Risk
15774,United Kingdom,60,1,270.8,New / One-time Recent
17579,United Kingdom,129,2,270.86,Occasional At Risk
17011,United Kingdom,22,1,270.9,New / One-time Recent
18108,United Kingdom,246,1,271.0,Hibernating
17496,United Kingdom,350,1,271.05,Hibernating
17767,United Kingdom,7,1,271.2,New / One-time Recent
13058,United Kingdom,16,3,271.4,Repeat Active
14816,United Kingdom,189,1,271.85,Hibernating
13917,United Kingdom,41,2,272.03999999999996,Repeat Active
14819,United Kingdom,56,2,272.07,Repeat Active
17498,United Kingdom,67,1,272.22,New / One-time Recent
16883,United Kingdom,179,2,272.48,Occasional At Risk
14023,United Kingdom,242,1,273.14,Hibernating
14512,United Kingdom,179,2,275.28,Occasional At Risk
12750,Poland,120,1,275.88,Occasional At Risk
13544,United Kingdom,31,2,276.06,Repeat Active
13272,United Kingdom,23,2,276.56,Repeat Active
13606,United Kingdom,21,3,276.75,Repeat Active
15355,United Kingdom,21,2,277.05,Repeat Active
13803,United Kingdom,247,1,277.07,Hibernating
13521,United Kingdom,2,1,277.48,New / One-time Recent
15060,United Kingdom,1,3,277.64000000000004,Repeat Active
14908,United Kingdom,66,1,277.8,New / One-time Recent
14764,United Kingdom,38,1,278.3,New / One-time Recent
14480,United Kingdom,3,1,279.05,New / One-time Recent
15556,United Kingdom,16,1,279.77,New / One-time Recent
14975,United Kingdom,49,1,279.94,New / One-time Recent
17247,United Kingdom,7,1,280.09000000000003,New / One-time Recent
14242,United Kingdom,226,2,280.54999999999995,Hibernating
16848,United Kingdom,44,1,281.42,New / One-time Recent
16557,United Kingdom,16,2,281.85,Repeat Active
13177,United Kingdom,56,1,282.45,New / One-time Recent
13754,United Kingdom,143,2,282.6,Occasional At Risk
14350,United Kingdom,266,1,282.93,Hibernating
17694,United Kingdom,133,1,283.12,Occasional At Risk
18270,United Kingdom,30,2,283.15000000000003,Repeat Active
13259,United Kingdom,53,1,283.18,New / One-time Recent
17783,United Kingdom,64,2,283.47,Repeat Active
12703,Germany,63,1,283.55,New / One-time Recent
12719,France,57,1,283.6,New / One-time Recent
13439,United Kingdom,247,1,283.71,Hibernating
13121,United Kingdom,261,1,283.73,Hibernating
18190,United Kingdom,184,2,284.46000000000004,Hibernating
16429,United Kingdom,98,1,284.55,Occasional At Risk
13708,United Kingdom,263,1,285.33,Hibernating
17636,United Kingdom,11,1,285.56,New / One-time Recent
14953,United Kingdom,17,1,285.67,New / One-time Recent
14660,United Kingdom,78,2,285.74,Repeat Active
16555,United Kingdom,27,2,285.89,Repeat Active
13760,United Kingdom,46,2,286.79,Repeat Active
16432,United Kingdom,56,1,287.4,New / One-time Recent
17760,United Kingdom,13,2,287.59,Repeat Active
17080,United Kingdom,14,2,287.62,Repeat Active
17830,United Kingdom,253,2,287.65,Hibernating
17977,United Kingdom,21,1,288.14,New / One-time Recent
15396,United Kingdom,104,1,288.18,Occasional At Risk
16808,United Kingdom,91,2,288.42,Occasional At Risk
17501,United Kingdom,212,2,288.6,Hibernating
17081,United Kingdom,17,2,288.90999999999997,Repeat Active
15545,United Kingdom,46,2,288.97,Repeat Active
14549,United Kingdom,303,1,289.24,Hibernating
16125,United Kingdom,359,1,289.35,Hibernating
14162,United Kingdom,165,2,289.36,Occasional At Risk
16897,United Kingdom,291,2,289.78,Hibernating
17201,United Kingdom,45,1,289.78,New / One-time Recent
17464,United Kingdom,150,1,289.96,Occasional At Risk
14784,United Kingdom,18,2,289.99,Repeat Active
13573,United Kingdom,42,2,290.25,Repeat Active
17551,United Kingdom,351,1,290.34,Hibernating
16526,United Kingdom,163,1,290.36,Occasional At Risk
17691,United Kingdom,350,2,290.4,Hibernating
15279,United Kingdom,346,1,290.51,Hibernating
16648,United Kingdom,34,1,290.65999999999997,New / One-time Recent
14947,United Kingdom,64,2,290.82,Repeat Active
14656,United Kingdom,161,2,291.05,Occasional At Risk
17255,United Kingdom,32,2,291.48,Repeat Active
13449,United Kingdom,15,1,291.88,New / One-time Recent
13502,United Kingdom,8,3,292.0,Repeat Active
14985,United Kingdom,190,2,292.01,Hibernating
16721,United Kingdom,254,1,292.47,Hibernating
12829,United Kingdom,328,2,293.0,Hibernating
17163,United Kingdom,13,2,293.1,Repeat Active
16402,United Kingdom,256,2,293.45,Hibernating
15732,United Kingdom,204,2,294.12,Hibernating
17124,United Kingdom,177,1,294.24,Occasional At Risk
14954,United Kingdom,4,1,294.85,New / One-time Recent
16998,United Kingdom,141,4,295.0,Occasional At Risk
13504,United Kingdom,56,1,295.93,New / One-time Recent
13751,United Kingdom,280,1,296.25,Hibernating
13441,United Kingdom,83,1,296.64,New / One-time Recent
17531,United Kingdom,182,1,296.7,Hibernating
15857,United Kingdom,10,1,297.0,New / One-time Recent
12881,United Kingdom,267,1,298.0,Hibernating
17678,United Kingdom,255,1,298.11,Hibernating
16104,United Kingdom,53,1,298.21,New / One-time Recent
17824,United Kingdom,43,1,298.4,New / One-time Recent
15609,United Kingdom,176,1,298.48,Occasional At Risk
13667,United Kingdom,141,1,299.05,Occasional At Risk
18215,United Kingdom,81,1,299.34000000000003,New / One-time Recent
18053,United Kingdom,62,1,300.02,New / One-time Recent
13745,United Kingdom,154,1,300.04,Occasional At Risk
17793,United Kingdom,17,1,300.34,New / One-time Recent
15254,United Kingdom,119,1,300.36,Occasional At Risk
13304,United Kingdom,343,1,300.42,Hibernating
14762,United Kingdom,255,1,300.52,Hibernating
16479,United Kingdom,2,2,300.83000000000004,Repeat Active
16430,United Kingdom,49,1,300.85,New / One-time Recent
17978,United Kingdom,357,1,300.92,Hibernating
13479,United Kingdom,192,2,300.95,Hibernating
15623,United Kingdom,133,1,301.03,Occasional At Risk
15148,United Kingdom,2,1,301.29,New / One-time Recent
15667,United Kingdom,31,1,301.32,New / One-time Recent
16715,United Kingdom,70,1,301.71999999999997,New / One-time Recent
16297,United Kingdom,260,1,301.9,Hibernating
17094,United Kingdom,314,1,302.0,Hibernating
15054,United Kingdom,4,2,302.1,Repeat Active
17506,United Kingdom,67,1,302.2,New / One-time Recent
16292,United Kingdom,113,1,302.25,Occasional At Risk
18165,United Kingdom,169,1,302.46000000000004,Occasional At Risk
16368,United Kingdom,20,1,302.48,New / One-time Recent
16386,United Kingdom,20,2,302.57,Repeat Active
14248,United Kingdom,310,1,302.58,Hibernating
16425,United Kingdom,294,1,302.7,Hibernating
13318,United Kingdom,29,1,302.96,New / One-time Recent
17433,United Kingdom,80,1,303.16,New / One-time Recent
13040,United Kingdom,25,1,303.25,New / One-time Recent
16400,United Kingdom,86,1,303.93,New / One-time Recent
17732,United Kingdom,364,1,303.97,Hibernating
16674,United Kingdom,46,2,304.24,Repeat Active
17070,United Kingdom,106,1,304.24,Occasional At Risk
16217,United Kingdom,227,2,304.25,Hibernating
18185,United Kingdom,241,1,304.25,Hibernating
15163,United Kingdom,10,2,304.47,Repeat Active
17941,United Kingdom,122,1,304.56,Occasional At Risk
12623,Germany,268,1,305.1,Hibernating
13045,United Kingdom,91,1,305.28000000000003,Occasional At Risk
18220,United Kingdom,218,1,305.28000000000003,Hibernating
16181,United Kingdom,65,1,305.54,New / One-time Recent
16796,United Kingdom,81,1,305.62,New / One-time Recent
15219,United Kingdom,168,1,305.75,Occasional At Risk
13863,United Kingdom,239,1,305.78,Hibernating
17176,United Kingdom,193,1,306.13,Hibernating
15659,United Kingdom,35,1,306.45,New / One-time Recent
18059,United Kingdom,15,3,306.46,Repeat Active
13718,United Kingdom,238,2,306.55,Hibernating
13762,United Kingdom,210,1,306.71999999999997,Hibernating
16668,United Kingdom,7,6,306.71999999999997,Loyal Active
15087,United Kingdom,273,1,306.94,Hibernating
17334,United Kingdom,294,2,307.02,Hibernating
13142,United Kingdom,11,1,307.09,New / One-time Recent
13932,United Kingdom,286,1,307.4,Hibernating
17120,United Kingdom,225,1,307.46,Hibernating
14915,United Kingdom,83,2,307.48,Repeat Active
14716,United Kingdom,35,2,307.51,Repeat Active
13060,United Kingdom,245,1,307.53,Hibernating
13395,United Kingdom,177,1,307.71999999999997,Occasional At Risk
16642,United Kingdom,199,1,307.73,Hibernating
13529,United Kingdom,70,2,307.76,Repeat Active
16123,United Kingdom,43,1,307.78,New / One-time Recent
15973,United Kingdom,358,1,307.82,Hibernating
13466,United Kingdom,176,1,307.9,Occasional At Risk
13369,United Kingdom,357,1,308.28000000000003,Hibernating
17510,United Kingdom,16,1,308.48,New / One-time Recent
13699,United Kingdom,147,1,308.58000000000004,Occasional At Risk
16956,United Kingdom,9,1,308.74,New / One-time Recent
15010,United Kingdom,27,1,308.94,New / One-time Recent
13787,United Kingdom,67,2,309.04,Repeat Active
12884,United Kingdom,80,1,309.05,New / One-time Recent
17604,United Kingdom,209,2,309.36,Hibernating
14847,United Kingdom,140,1,309.4,Occasional At Risk
16119,United Kingdom,64,1,309.48,New / One-time Recent
14339,United Kingdom,234,1,309.52,Hibernating
16810,United Kingdom,184,1,309.54,Hibernating
15699,United Kingdom,9,1,309.65,New / One-time Recent
15661,United Kingdom,309,2,309.8,Hibernating
14924,United Kingdom,237,1,310.05,Hibernating
17912,United Kingdom,302,5,310.06,High-Value Lapsed
14311,United Kingdom,234,1,310.26,Hibernating
15308,United Kingdom,266,1,310.47,Hibernating
15185,United Kingdom,62,1,310.62,New / One-time Recent
13897,United Kingdom,42,1,311.16,New / One-time Recent
16781,United Kingdom,364,1,311.25,Hibernating
17854,United Kingdom,177,2,311.26,Occasional At Risk
13990,United Kingdom,205,1,311.3,Hibernating
12852,United Kingdom,286,1,311.55,Hibernating
12950,United Kingdom,16,1,311.6,New / One-time Recent
14327,United Kingdom,155,1,311.65000000000003,Occasional At Risk
14951,United Kingdom,71,1,311.69,New / One-time Recent
15326,United Kingdom,325,1,311.71,Hibernating
14142,United Kingdom,365,1,311.81,Hibernating
16450,United Kingdom,141,1,311.92,Occasional At Risk
12785,Portugal,356,1,311.95,Hibernating
17362,United Kingdom,231,2,312.23,Hibernating
13642,United Kingdom,207,1,312.28000000000003,Hibernating
12834,United Kingdom,274,1,312.38,Hibernating
14555,United Kingdom,49,2,312.54,Repeat Active
13845,United Kingdom,56,1,312.98,New / One-time Recent
14729,United Kingdom,365,1,313.49,Hibernating
16582,United Kingdom,105,1,313.62,Occasional At Risk
13484,United Kingdom,233,1,313.8,Hibernating
15970,United Kingdom,295,1,314.1,Hibernating
16227,United Kingdom,217,1,314.22,Hibernating
16193,United Kingdom,228,1,314.45,Hibernating
17237,United Kingdom,3,2,314.69,Repeat Active
16811,United Kingdom,9,1,314.77,New / One-time Recent
15766,United Kingdom,56,1,315.06,New / One-time Recent
16091,United Kingdom,146,2,315.06,Occasional At Risk
12614,Germany,269,1,315.6,Hibernating
18117,United Kingdom,17,1,315.65,New / One-time Recent
16473,United Kingdom,156,3,316.11,Occasional At Risk
14479,United Kingdom,245,2,316.25,Hibernating
15872,United Kingdom,6,2,316.25,Repeat Active
13494,United Kingdom,303,1,316.26000000000005,Hibernating
17458,United Kingdom,7,1,316.5,New / One-time Recent
15204,United Kingdom,349,1,316.58,Hibernating
16761,United Kingdom,88,1,316.62,New / One-time Recent
15243,United Kingdom,66,1,316.68,New / One-time Recent
15385,United Kingdom,32,1,316.88,New / One-time Recent
15257,United Kingdom,275,1,317.15,Hibernating
17267,United Kingdom,119,2,317.20000000000005,Occasional At Risk
17172,United Kingdom,70,1,317.76,New / One-time Recent
15156,United Kingdom,25,1,317.8,New / One-time Recent
18066,United Kingdom,67,1,318.0,New / One-time Recent
12648,Germany,146,1,318.05,Occasional At Risk
17839,United Kingdom,34,1,318.15,New / One-time Recent
14703,United Kingdom,6,1,318.17,New / One-time Recent
17248,United Kingdom,112,1,318.65,Occasional At Risk
12827,United Kingdom,24,2,318.7,Repeat Active
17229,United Kingdom,88,2,318.76,Repeat Active
16967,United Kingdom,181,1,319.02,Hibernating
15107,United Kingdom,303,6,319.5,High-Value Lapsed
13986,United Kingdom,9,1,320.46,New / One-time Recent
14622,United Kingdom,176,1,320.58000000000004,Occasional At Risk
16096,United Kingdom,256,1,320.62,Hibernating
15236,United Kingdom,290,1,321.05,Hibernating
14823,United Kingdom,172,3,321.43,Occasional At Risk
17976,United Kingdom,364,1,321.79,Hibernating
14484,United Kingdom,42,1,321.92,New / One-time Recent
14424,United Kingdom,9,1,322.08,New / One-time Recent
15224,United Kingdom,350,2,322.08000000000004,Hibernating
16342,United Kingdom,67,4,322.40999999999997,Repeat Active
16627,United Kingdom,71,1,322.8,New / One-time Recent
13955,United Kingdom,146,2,322.96,Occasional At Risk
16739,United Kingdom,168,1,323.0,Occasional At Risk
15921,United Kingdom,164,1,323.03000000000003,Occasional At Risk
14910,United Kingdom,17,3,323.55,Repeat Active
15675,United Kingdom,73,3,323.69,Repeat Active
16685,United Kingdom,53,2,324.24,Repeat Active
18261,United Kingdom,35,2,324.24,Repeat Active
15597,United Kingdom,27,1,324.57,New / One-time Recent
13801,United Kingdom,58,1,324.8,New / One-time Recent
12790,Netherlands,184,1,324.92,Hibernating
15944,United Kingdom,268,1,325.1,Hibernating
14850,United Kingdom,303,1,325.75,Hibernating
16830,United Kingdom,30,1,325.91,New / One-time Recent
12844,United Kingdom,21,2,325.96000000000004,Repeat Active
15363,United Kingdom,364,1,326.0,Hibernating
16071,United Kingdom,36,1,326.24,New / One-time Recent
14987,United Kingdom,7,2,326.4,Repeat Active
17715,United Kingdom,192,1,326.4,Hibernating
14870,United Kingdom,253,1,327.25,Hibernating
16366,United Kingdom,10,1,327.3,New / One-time Recent
15579,United Kingdom,60,2,327.6,Repeat Active
14024,United Kingdom,113,2,327.7,Occasional At Risk
15314,United Kingdom,191,1,327.97,Hibernating
16318,United Kingdom,27,1,328.15,New / One-time Recent
14206,United Kingdom,231,1,328.15999999999997,Hibernating
14747,United Kingdom,241,1,328.2,Hibernating
15213,United Kingdom,310,2,328.34999999999997,Hibernating
16855,United Kingdom,15,2,328.4,Repeat Active
16343,United Kingdom,8,2,328.58000000000004,Repeat Active
17222,United Kingdom,57,1,328.65,New / One-time Recent
14012,United Kingdom,269,1,328.8,Hibernating
15880,United Kingdom,361,1,329.03,Hibernating
15153,United Kingdom,23,1,329.25,New / One-time Recent
17154,United Kingdom,67,1,329.34,New / One-time Recent
13239,United Kingdom,253,1,329.56,Hibernating
17615,United Kingdom,122,3,329.6,Occasional At Risk
17866,United Kingdom,134,1,329.65,Occasional At Risk
12953,United Kingdom,1,1,329.85,New / One-time Recent
16593,United Kingdom,42,3,330.03,Repeat Active
15714,United Kingdom,3,2,330.03000000000003,Repeat Active
15130,United Kingdom,161,1,330.11,Occasional At Risk
14517,United Kingdom,25,2,330.45,Repeat Active
13706,United Kingdom,294,1,330.79,Hibernating
12519,Germany,55,1,330.84,New / One-time Recent
17862,United Kingdom,315,1,330.9,Hibernating
12891,United Kingdom,177,3,331.0,Occasional At Risk
16478,United Kingdom,17,3,331.0,Repeat Active
15210,United Kingdom,217,1,331.18,Hibernating
16030,United Kingdom,301,1,331.24,Hibernating
16177,United Kingdom,42,1,331.95,New / One-time Recent
16803,United Kingdom,57,1,332.3,New / One-time Recent
16850,United Kingdom,325,1,332.41,Hibernating
13904,United Kingdom,29,2,332.64,Repeat Active
14902,United Kingdom,17,1,332.66,New / One-time Recent
16625,United Kingdom,266,1,333.08,Hibernating
13727,United Kingdom,20,2,333.48,Repeat Active
13216,United Kingdom,259,1,333.74,Hibernating
14264,United Kingdom,146,2,333.97,Occasional At Risk
15918,United Kingdom,182,2,334.23,Hibernating
12350,Norway,302,1,334.4,Hibernating
15466,United Kingdom,77,1,334.53,New / One-time Recent
14988,United Kingdom,203,1,334.54,Hibernating
12489,France,328,1,334.93,Hibernating
17917,United Kingdom,37,3,335.03,Repeat Active
14871,United Kingdom,170,3,335.3,Occasional At Risk
16063,United Kingdom,252,2,335.32,Hibernating
14196,United Kingdom,98,1,335.52,Occasional At Risk
18276,United Kingdom,35,1,335.86,New / One-time Recent
18078,United Kingdom,209,2,336.13,Hibernating
17384,United Kingdom,11,2,336.4,Repeat Active
15619,United Kingdom,2,1,336.40000000000003,New / One-time Recent
16105,United Kingdom,240,1,336.96,Hibernating
17973,United Kingdom,43,1,337.04,New / One-time Recent
15900,United Kingdom,15,1,337.28,New / One-time Recent
13930,United Kingdom,49,2,337.34,Repeat Active
15942,United Kingdom,125,1,337.44,Occasional At Risk
15652,United Kingdom,83,1,337.74,New / One-time Recent
13569,United Kingdom,9,2,338.62,Repeat Active
16183,United Kingdom,59,1,338.71000000000004,New / One-time Recent
17697,United Kingdom,228,1,338.95,Hibernating
16545,United Kingdom,156,1,339.3,Occasional At Risk
17045,United Kingdom,105,3,339.44,Occasional At Risk
13737,United Kingdom,192,1,339.59999999999997,Hibernating
15115,United Kingdom,10,1,340.11,New / One-time Recent
17503,United Kingdom,30,1,340.43,New / One-time Recent
14491,United Kingdom,167,2,340.93,Occasional At Risk
13347,United Kingdom,62,1,341.36,New / One-time Recent
16826,United Kingdom,43,1,341.7,New / One-time Recent
17495,United Kingdom,30,1,342.59000000000003,New / One-time Recent
17795,United Kingdom,171,2,342.83000000000004,Occasional At Risk
12875,United Kingdom,135,2,343.2300000000001,Occasional At Risk
12715,Sweden,98,1,343.36,Occasional At Risk
18081,United Kingdom,28,3,343.45000000000005,Repeat Active
15047,United Kingdom,261,1,343.62,Hibernating
13068,United Kingdom,2,2,344.0,Repeat Active
17569,United Kingdom,324,1,344.14,Hibernating
16978,United Kingdom,69,1,344.33,New / One-time Recent
14633,United Kingdom,258,1,344.90000000000003,Hibernating
13774,United Kingdom,73,1,345.0,New / One-time Recent
17123,United Kingdom,153,1,345.3,Occasional At Risk
15781,United Kingdom,17,3,345.46000000000004,Repeat Active
13091,United Kingdom,20,1,345.82,New / One-time Recent
16423,United Kingdom,16,1,346.12,New / One-time Recent
13649,United Kingdom,248,2,346.6,Hibernating
13062,United Kingdom,183,1,346.98,Hibernating
18127,United Kingdom,11,3,347.08,Repeat Active
13497,United Kingdom,274,2,348.05,Hibernating
14379,United Kingdom,36,2,348.1,Repeat Active
16500,United Kingdom,8,5,348.12,Loyal Active
13052,United Kingdom,204,1,348.15000000000003,Hibernating
16159,United Kingdom,273,1,348.2,Hibernating
12527,Germany,73,3,348.71000000000004,Repeat Active
17290,United Kingdom,8,1,348.83,New / One-time Recent
17252,United Kingdom,108,2,348.90999999999997,Occasional At Risk
13927,United Kingdom,66,1,348.99,New / One-time Recent
15405,United Kingdom,181,1,349.1,Hibernating
18250,United Kingdom,302,1,349.27,Hibernating
13887,United Kingdom,196,1,349.55,Hibernating
13670,United Kingdom,67,1,349.7,New / One-time Recent
12532,France,22,1,349.83000000000004,New / One-time Recent
13108,United Kingdom,364,1,350.06,Hibernating
13740,United Kingdom,232,1,350.75,Hibernating
15334,United Kingdom,148,3,350.82,Occasional At Risk
13332,United Kingdom,6,1,350.9,New / One-time Recent
13923,United Kingdom,45,1,351.13,New / One-time Recent
15789,United Kingdom,350,1,351.3,Hibernating
15870,United Kingdom,24,1,351.44,New / One-time Recent
12566,Germany,78,1,351.65,New / One-time Recent
15901,United Kingdom,8,3,351.73,Repeat Active
16274,United Kingdom,365,1,351.75,Hibernating
18112,United Kingdom,4,2,352.69,Repeat Active
15678,United Kingdom,44,1,352.7,New / One-time Recent
12617,France,21,1,352.98,New / One-time Recent
13343,United Kingdom,169,1,353.43,Occasional At Risk
13210,United Kingdom,85,1,353.48,New / One-time Recent
17014,United Kingdom,24,2,353.81,Repeat Active
12845,United Kingdom,259,4,354.09,Hibernating
12888,United Kingdom,206,2,354.12,Hibernating
14690,United Kingdom,36,2,355.05,Repeat Active
17742,United Kingdom,105,2,355.11,Occasional At Risk
13323,United Kingdom,13,3,355.3,Repeat Active
14537,United Kingdom,49,1,355.56,New / One-time Recent
15840,United Kingdom,50,2,355.56,Repeat Active
16372,United Kingdom,25,2,355.73,Repeat Active
15247,United Kingdom,114,1,356.0,Occasional At Risk
15713,United Kingdom,135,2,356.70000000000005,Occasional At Risk
14500,United Kingdom,80,3,356.85,Repeat Active
13453,United Kingdom,157,2,356.98,Occasional At Risk
18040,United Kingdom,11,2,357.2,Repeat Active
16971,United Kingdom,30,1,357.21,New / One-time Recent
13736,United Kingdom,252,1,357.53,Hibernating
17025,United Kingdom,52,3,357.77000000000004,Repeat Active
13976,United Kingdom,198,1,357.98,Hibernating
13228,United Kingdom,73,1,358.0,New / One-time Recent
16823,United Kingdom,219,1,358.38,Hibernating
17948,United Kingdom,139,1,358.56000000000006,Occasional At Risk
15120,United Kingdom,125,1,358.82,Occasional At Risk
16595,United Kingdom,53,1,360.16,New / One-time Recent
17358,United Kingdom,295,2,360.81,Hibernating
13291,United Kingdom,147,1,361.11,Occasional At Risk
16305,United Kingdom,130,1,361.21999999999997,Occasional At Risk
16769,United Kingdom,252,1,361.54,Hibernating
13844,United Kingdom,3,1,361.62,New / One-time Recent
15025,United Kingdom,25,1,361.96,New / One-time Recent
16052,United Kingdom,46,1,362.06,New / One-time Recent
16378,United Kingdom,239,3,362.95,Hibernating
16903,United Kingdom,21,1,363.2,New / One-time Recent
14427,United Kingdom,42,2,363.34000000000003,Repeat Active
14932,Channel Islands,357,1,363.53,Hibernating
12915,United Kingdom,140,2,363.65,Occasional At Risk
16485,United Kingdom,69,1,363.65,New / One-time Recent
18056,United Kingdom,280,1,363.65,Hibernating
16509,United Kingdom,288,1,363.7,Hibernating
14171,United Kingdom,90,1,363.79,New / One-time Recent
17330,United Kingdom,14,2,363.9,Repeat Active
12538,Spain,21,1,363.95,New / One-time Recent
14528,United Kingdom,29,1,364.21999999999997,New / One-time Recent
15343,United Kingdom,79,1,364.5,New / One-time Recent
12373,Austria,303,1,364.6,Hibernating
15949,United Kingdom,8,2,364.72,Repeat Active
14886,United Kingdom,244,1,364.8,Hibernating
16202,United Kingdom,352,1,365.27,Hibernating
16499,United Kingdom,352,2,365.45000000000005,Hibernating
17432,United Kingdom,10,2,365.76,Repeat Active
17911,United Kingdom,1,1,366.23,New / One-time Recent
18181,United Kingdom,16,1,366.85,New / One-time Recent
16065,United Kingdom,357,1,367.14,Hibernating
17765,United Kingdom,150,3,367.63,Occasional At Risk
12925,United Kingdom,66,1,368.31,New / One-time Recent
14788,United Kingdom,18,1,368.45,New / One-time Recent
14888,United Kingdom,199,1,369.2,Hibernating
16758,United Kingdom,57,1,369.34,New / One-time Recent
15922,United Kingdom,365,1,369.5,Hibernating
15063,United Kingdom,205,1,370.79999999999995,Hibernating
15975,United Kingdom,76,1,371.01,New / One-time Recent
14950,United Kingdom,11,1,371.2,New / One-time Recent
16776,United Kingdom,52,1,371.54,New / One-time Recent
15472,United Kingdom,105,1,371.56,Occasional At Risk
18155,United Kingdom,67,3,371.62,Repeat Active
13300,United Kingdom,161,1,371.89,Occasional At Risk
12981,United Kingdom,21,2,372.22,Repeat Active
12544,Spain,28,1,372.7,New / One-time Recent
12895,United Kingdom,34,2,372.8,Repeat Active
16321,Australia,64,5,373.65,Loyal Active
13351,United Kingdom,58,1,373.94,New / One-time Recent
12873,United Kingdom,274,1,374.0,Hibernating
17492,United Kingdom,240,1,374.57,Hibernating
14067,United Kingdom,55,2,374.7,Repeat Active
16147,United Kingdom,125,1,375.0,Occasional At Risk
14079,United Kingdom,116,1,375.09999999999997,Occasional At Risk
15951,United Kingdom,277,1,375.17,Hibernating
14448,United Kingdom,1,2,375.35,Repeat Active
16858,United Kingdom,360,1,375.69,Hibernating
13936,United Kingdom,171,1,376.58,Occasional At Risk
17489,United Kingdom,50,2,376.64,Repeat Active
12890,United Kingdom,16,1,376.71999999999997,New / One-time Recent
17736,United Kingdom,1,3,377.44,Repeat Active
17078,United Kingdom,28,2,378.2,Repeat Active
13372,United Kingdom,81,1,378.64,New / One-time Recent
13596,United Kingdom,4,1,378.67,New / One-time Recent
16930,United Kingdom,18,3,378.89,Repeat Active
16909,United Kingdom,64,1,379.14,New / One-time Recent
15885,United Kingdom,84,3,379.35,Repeat Active
17878,United Kingdom,35,1,379.45,New / One-time Recent
13589,United Kingdom,6,2,379.65,Repeat Active
13656,United Kingdom,156,2,379.65,Occasional At Risk
16552,United Kingdom,234,2,379.73,Hibernating
14731,United Kingdom,39,3,380.02,Repeat Active
17031,United Kingdom,3,2,380.35,Repeat Active
17999,United Kingdom,29,2,380.39,Repeat Active
17138,United Kingdom,267,1,380.5,Hibernating
17573,United Kingdom,21,3,380.6,Repeat Active
12871,United Kingdom,76,2,380.64,Repeat Active
15048,United Kingdom,57,4,381.0,Repeat Active
16441,United Kingdom,59,2,381.2,Repeat Active
15090,United Kingdom,300,1,381.32,Hibernating
13657,United Kingdom,2,2,382.14,Repeat Active
17239,United Kingdom,304,1,382.5,Hibernating
13817,Germany,21,2,382.98,Repeat Active
12832,United Kingdom,24,2,383.03000000000003,Repeat Active
16892,United Kingdom,7,3,383.27,Repeat Active
15424,United Kingdom,246,2,383.34000000000003,Hibernating
14304,United Kingdom,214,1,383.45,Hibernating
15440,United Kingdom,46,3,383.68,Repeat Active
12515,Italy,345,1,383.7,Hibernating
17189,United Kingdom,98,2,383.75,Occasional At Risk
13833,United Kingdom,151,1,383.85,Occasional At Risk
12733,USA,226,1,383.95,Hibernating
15274,United Kingdom,10,1,383.99,New / One-time Recent
16982,United Kingdom,52,1,384.06,New / One-time Recent
17205,United Kingdom,45,1,384.08,New / One-time Recent
16204,United Kingdom,15,1,384.18,New / One-time Recent
17357,United Kingdom,16,2,384.39,Repeat Active
13919,Denmark,51,2,384.81,Repeat Active
17711,United Kingdom,2,2,385.1,Repeat Active
13821,United Kingdom,136,2,385.64,Occasional At Risk
14779,United Kingdom,272,3,386.15,Hibernating
17614,United Kingdom,49,1,386.32,New / One-time Recent
15664,United Kingdom,42,1,386.43,New / One-time Recent
14114,United Kingdom,265,2,386.53,Hibernating
17595,United Kingdom,4,2,386.69000000000005,Repeat Active
14869,United Kingdom,95,1,387.06,Occasional At Risk
17508,Greece,272,1,387.31,Hibernating
13673,United Kingdom,10,2,387.44,Repeat Active
14420,United Kingdom,91,1,387.52,Occasional At Risk
14538,United Kingdom,56,2,388.25,Repeat Active
17438,United Kingdom,245,1,388.45000000000005,Hibernating
13856,United Kingdom,160,3,388.5,Occasional At Risk
13899,United Kingdom,8,2,388.52,Repeat Active
15592,United Kingdom,38,1,388.58,New / One-time Recent
12690,France,197,1,389.01,Hibernating
15847,United Kingdom,30,2,389.27,Repeat Active
16250,United Kingdom,253,2,389.44,Hibernating
13345,United Kingdom,279,1,389.5,Hibernating
13873,United Kingdom,111,3,389.6,Occasional At Risk
14752,United Kingdom,35,1,389.64,New / One-time Recent
17379,United Kingdom,3,1,389.72,New / One-time Recent
18024,United Kingdom,144,2,389.78,Occasional At Risk
12982,United Kingdom,234,1,390.54,Hibernating
16917,United Kingdom,268,1,391.52,Hibernating
15837,United Kingdom,56,1,391.98,New / One-time Recent
16010,United Kingdom,237,3,392.40000000000003,Hibernating
14670,United Kingdom,272,2,392.86,Hibernating
16038,United Kingdom,169,2,393.33,Occasional At Risk
14600,United Kingdom,297,1,393.33000000000004,Hibernating
17226,United Kingdom,300,1,393.49,Hibernating
15345,United Kingdom,37,1,393.54,New / One-time Recent
15264,United Kingdom,56,1,393.74,New / One-time Recent
15386,United Kingdom,178,1,394.14,Occasional At Risk
16207,United Kingdom,17,1,394.38,New / One-time Recent
14619,United Kingdom,237,1,394.44,Hibernating
17603,United Kingdom,70,1,394.72,New / One-time Recent
17566,United Kingdom,17,1,394.82,New / One-time Recent
16354,United Kingdom,55,2,395.8,Repeat Active
18067,United Kingdom,32,1,396.33,New / One-time Recent
17486,United Kingdom,253,1,396.87,Hibernating
14904,United Kingdom,17,1,396.96,New / One-time Recent
13594,United Kingdom,44,1,396.97,New / One-time Recent
12824,United Kingdom,51,1,397.12,New / One-time Recent
17926,United Kingdom,125,2,397.29,Occasional At Risk
15429,United Kingdom,18,2,397.35,Repeat Active
15967,United Kingdom,15,2,397.68,Repeat Active
12508,France,18,2,397.88,Repeat Active
13352,United Kingdom,52,1,397.97999999999996,New / One-time Recent
15522,United Kingdom,24,2,397.99,Repeat Active
17052,United Kingdom,20,1,399.09,New / One-time Recent
13255,United Kingdom,1,2,399.51,Repeat Active
18164,United Kingdom,29,1,399.65000000000003,New / One-time Recent
17375,United Kingdom,191,3,400.1,Hibernating
12792,Portugal,248,1,400.53999999999996,Hibernating
16198,United Kingdom,67,1,400.68100000000004,New / One-time Recent
14720,United Kingdom,81,2,401.13,Repeat Active
15158,United Kingdom,37,1,401.40000000000003,New / One-time Recent
12386,Australia,329,2,401.9,Hibernating
15184,United Kingdom,21,2,402.2,Repeat Active
18036,United Kingdom,24,3,403.12,Repeat Active
15221,United Kingdom,358,1,403.25,Hibernating
17431,United Kingdom,305,1,403.3,Hibernating
12498,Germany,13,3,403.70000000000005,Repeat Active
16484,United Kingdom,165,2,404.3,Occasional At Risk
16319,United Kingdom,209,1,404.40000000000003,Hibernating
15938,United Kingdom,104,5,404.58000000000004,High-Value At Risk
15012,United Kingdom,45,2,405.03999999999996,Repeat Active
12922,United Kingdom,153,1,405.38,Occasional At Risk
14616,United Kingdom,234,3,406.08000000000004,Hibernating
15342,United Kingdom,121,1,406.09,Occasional At Risk
16947,United Kingdom,227,1,406.48,Hibernating
15127,United Kingdom,57,1,406.53,New / One-time Recent
16399,United Kingdom,11,2,408.02,Repeat Active
17931,United Kingdom,126,2,408.36,Occasional At Risk
16324,United Kingdom,120,3,408.59000000000003,Occasional At Risk
16629,United Kingdom,65,2,408.63,Repeat Active
17913,United Kingdom,50,2,408.65,Repeat Active
15269,United Kingdom,15,1,408.8,New / One-time Recent
16018,United Kingdom,31,2,408.9,Repeat Active
17666,United Kingdom,57,1,409.08,New / One-time Recent
16243,United Kingdom,25,2,409.1,Repeat Active
15225,United Kingdom,226,1,409.40000000000003,Hibernating
12990,United Kingdom,23,3,409.5,Repeat Active
14348,United Kingdom,252,1,409.57,Hibernating
13827,United Kingdom,49,3,409.79999999999995,Repeat Active
14048,United Kingdom,297,1,409.93,Hibernating
15695,United Kingdom,258,2,409.98,Hibernating
15099,United Kingdom,76,1,410.48,New / One-time Recent
15186,United Kingdom,6,2,411.41,Repeat Active
16272,United Kingdom,108,2,411.70000000000005,Occasional At Risk
15523,United Kingdom,76,1,412.01000000000005,New / One-time Recent
14620,United Kingdom,197,2,412.78,Hibernating
17134,United Kingdom,98,2,413.2,Occasional At Risk
16834,United Kingdom,219,1,413.46,Hibernating
13974,United Kingdom,41,1,413.59000000000003,New / One-time Recent
17483,United Kingdom,57,3,414.04,Repeat Active
16239,United Kingdom,48,2,414.2,Repeat Active
15994,United Kingdom,46,1,414.27,New / One-time Recent
12993,United Kingdom,15,4,414.76,Repeat Active
14998,United Kingdom,162,2,414.87,Occasional At Risk
16795,United Kingdom,357,1,414.88,Hibernating
18001,United Kingdom,4,2,415.13,Repeat Active
14333,United Kingdom,59,1,415.2,New / One-time Recent
15725,United Kingdom,7,1,415.25,New / One-time Recent
12580,Germany,238,1,415.7,Hibernating
12930,United Kingdom,70,2,415.8,Repeat Active
14139,United Kingdom,38,1,415.82,New / One-time Recent
15803,United Kingdom,43,1,415.82,New / One-time Recent
13085,United Kingdom,149,2,416.08000000000004,Occasional At Risk
17631,United Kingdom,129,2,416.5,Occasional At Risk
16957,United Kingdom,231,2,416.64,Hibernating
15935,United Kingdom,231,2,416.86,Hibernating
17223,United Kingdom,302,2,416.89,Hibernating
13889,United Kingdom,84,1,416.90000000000003,New / One-time Recent
16816,United Kingdom,95,4,417.06,Occasional At Risk
13166,United Kingdom,275,1,417.2,Hibernating
17392,United Kingdom,298,2,417.27,Hibernating
12833,United Kingdom,137,1,417.38,Occasional At Risk
16737,United Kingdom,45,1,417.59999999999997,New / One-time Recent
13615,United Kingdom,310,1,417.69,Hibernating
17701,United Kingdom,244,1,417.95,Hibernating
12593,France,100,3,418.1,Occasional At Risk
17371,United Kingdom,9,3,418.4,Repeat Active
18034,United Kingdom,13,2,418.67999999999995,Repeat Active
16759,United Kingdom,22,2,418.84999999999997,Repeat Active
15361,United Kingdom,353,1,418.92,Hibernating
14124,United Kingdom,76,1,419.58,New / One-time Recent
15889,United Kingdom,148,2,420.07,Occasional At Risk
15206,United Kingdom,2,4,420.3,Repeat Active
14757,United Kingdom,67,1,420.5,New / One-time Recent
18106,United Kingdom,321,1,421.9,Hibernating
16780,United Kingdom,92,2,422.24,Occasional At Risk
13140,United Kingdom,100,3,422.47,Occasional At Risk
15568,United Kingdom,36,2,422.52,Repeat Active
18240,United Kingdom,38,1,422.58,New / One-time Recent
16689,United Kingdom,67,2,422.6,Repeat Active
13473,United Kingdom,52,2,422.64,Repeat Active
17525,United Kingdom,351,1,422.70000000000005,Hibernating
14157,United Kingdom,11,2,424.89,Repeat Active
15639,United Kingdom,126,1,425.32,Occasional At Risk
14288,United Kingdom,205,1,426.6,Hibernating
15930,United Kingdom,59,1,426.63,New / One-time Recent
12802,Netherlands,178,1,427.58,Occasional At Risk
12740,France,55,1,427.6,New / One-time Recent
15976,United Kingdom,157,2,427.64,Occasional At Risk
12403,Denmark,41,1,427.7,New / One-time Recent
12725,Italy,363,1,427.8,Hibernating
15360,United Kingdom,31,1,427.93,New / One-time Recent
17869,United Kingdom,99,5,428.18,High-Value At Risk
13602,United Kingdom,56,1,428.89,New / One-time Recent
15957,United Kingdom,23,1,428.89,New / One-time Recent
15553,United Kingdom,52,1,428.93,New / One-time Recent
15036,United Kingdom,64,3,429.56,Repeat Active
15230,United Kingdom,231,2,429.6,Hibernating
15450,United Kingdom,22,1,429.84,New / One-time Recent
16884,United Kingdom,29,2,429.84000000000003,Repeat Active
12795,Portugal,10,1,430.48,New / One-time Recent
13245,United Kingdom,42,1,430.5,New / One-time Recent
12452,Switzerland,8,2,430.57,Repeat Active
16881,United Kingdom,58,1,432.0,New / One-time Recent
16236,United Kingdom,70,1,432.2,New / One-time Recent
16442,United Kingdom,219,2,432.43,Hibernating
15550,United Kingdom,98,3,433.28,Occasional At Risk
17035,United Kingdom,237,2,433.53,Hibernating
12493,France,157,2,433.74,Occasional At Risk
14093,United Kingdom,4,1,433.86,New / One-time Recent
14460,United Kingdom,102,3,434.34,Occasional At Risk
15456,United Kingdom,275,3,434.59000000000003,Hibernating
16948,United Kingdom,130,3,435.02,Occasional At Risk
15551,United Kingdom,28,1,436.06,New / One-time Recent
16084,United Kingdom,291,1,436.18,Hibernating
12592,Germany,84,2,437.6,Repeat Active
16034,United Kingdom,188,3,437.7,Hibernating
12552,Italy,30,2,437.82,Repeat Active
14272,United Kingdom,65,2,437.96000000000004,Repeat Active
13358,United Kingdom,260,1,439.03000000000003,Hibernating
13359,United Kingdom,55,1,439.56,New / One-time Recent
16025,United Kingdom,21,1,439.65999999999997,New / One-time Recent
12391,Cyprus,13,1,439.66,New / One-time Recent
14022,United Kingdom,217,1,440.0,Hibernating
15524,United Kingdom,16,1,440.0,New / One-time Recent
18233,United Kingdom,317,1,440.0,Hibernating
15822,United Kingdom,351,1,440.2,Hibernating
12579,France,70,1,440.42,New / One-time Recent
18222,United Kingdom,84,1,443.0,New / One-time Recent
16404,United Kingdom,62,1,443.05,New / One-time Recent
14638,United Kingdom,42,1,443.6,New / One-time Recent
18006,United Kingdom,15,1,444.68,New / One-time Recent
17190,United Kingdom,50,2,444.74,Repeat Active
17370,United Kingdom,64,4,446.18,Repeat Active
14149,United Kingdom,212,1,446.62,Hibernating
15368,United Kingdom,13,1,446.94000000000005,New / One-time Recent
15646,United Kingdom,149,3,447.64000000000004,Occasional At Risk
14780,United Kingdom,46,2,447.68,Repeat Active
15739,United Kingdom,58,1,449.12,New / One-time Recent
12448,Spain,36,1,449.45,New / One-time Recent
13489,United Kingdom,97,4,449.52,Occasional At Risk
17040,United Kingdom,129,1,449.73,Occasional At Risk
16885,United Kingdom,7,3,450.40999999999997,Repeat Active
14173,United Kingdom,2,4,450.84000000000003,Repeat Active
15802,United Kingdom,134,1,451.42,Occasional At Risk
16574,United Kingdom,63,1,451.44,New / One-time Recent
12591,Italy,309,1,452.85,Hibernating
14184,United Kingdom,58,1,452.89,New / One-time Recent
18071,United Kingdom,249,2,453.0,Hibernating
12729,France,105,1,453.01,Occasional At Risk
18158,United Kingdom,1,2,453.4,Repeat Active
17564,United Kingdom,16,3,454.01,Repeat Active
15475,United Kingdom,69,1,454.11,New / One-time Recent
17140,United Kingdom,239,1,454.12,Hibernating
13485,United Kingdom,225,1,454.24,Hibernating
14335,Germany,8,2,454.86,Repeat Active
16529,United Kingdom,182,1,455.25,Hibernating
15585,United Kingdom,168,1,455.3,Occasional At Risk
14513,United Kingdom,92,3,455.59000000000003,Occasional At Risk
12999,United Kingdom,188,3,455.88,Hibernating
12564,France,253,1,456.9,Hibernating
13398,United Kingdom,184,1,457.34,Hibernating
12375,Finland,2,2,457.5,Repeat Active
15121,United Kingdom,42,2,457.71999999999997,Repeat Active
15092,United Kingdom,207,2,457.81000000000006,Hibernating
13506,United Kingdom,308,2,458.52,Hibernating
15754,United Kingdom,43,3,458.57,Repeat Active
17880,United Kingdom,356,1,458.92,Hibernating
16589,United Kingdom,63,3,459.24,Repeat Active
12355,Bahrain,206,1,459.4,Hibernating
12491,France,30,1,460.40000000000003,New / One-time Recent
16805,United Kingdom,165,2,460.59000000000003,Occasional At Risk
15344,United Kingdom,24,2,460.64,Repeat Active
16824,United Kingdom,7,2,460.64,Repeat Active
14470,United Kingdom,3,2,461.19,Repeat Active
12762,Portugal,17,1,461.59,New / One-time Recent
14331,United Kingdom,116,2,462.66,Occasional At Risk
12945,United Kingdom,280,1,462.95,Hibernating
17964,United Kingdom,23,2,463.21,Repeat Active
14489,United Kingdom,199,1,463.38,Hibernating
17418,United Kingdom,34,2,463.46,Repeat Active
12787,Netherlands,1,3,463.65999999999997,Repeat Active
14967,United Kingdom,41,1,463.8,New / One-time Recent
15349,United Kingdom,150,2,463.90999999999997,Occasional At Risk
16586,United Kingdom,240,1,463.95,Hibernating
13928,United Kingdom,2,4,464.57,Repeat Active
16742,United Kingdom,38,1,464.9,New / One-time Recent
13248,United Kingdom,116,2,465.67999999999995,Occasional At Risk
16504,United Kingdom,17,1,465.88,New / One-time Recent
14205,United Kingdom,8,2,466.70000000000005,Repeat Active
16374,United Kingdom,58,2,466.73,Repeat Active
13579,United Kingdom,6,2,467.03999999999996,Repeat Active
15468,United Kingdom,43,2,467.51,Repeat Active
13838,United Kingdom,109,3,467.53999999999996,Occasional At Risk
14029,United Kingdom,55,2,467.65999999999997,Repeat Active
13822,United Kingdom,32,1,468.38,New / One-time Recent
13171,United Kingdom,13,3,468.40999999999997,Repeat Active
15525,United Kingdom,9,2,468.69,Repeat Active
14896,United Kingdom,196,2,468.77000000000004,Hibernating
15557,United Kingdom,20,1,468.91,New / One-time Recent
15026,United Kingdom,72,3,469.0,Repeat Active
14431,United Kingdom,294,1,470.36,Hibernating
15963,United Kingdom,11,2,470.76,Repeat Active
13066,United Kingdom,16,2,470.8,Repeat Active
15721,United Kingdom,3,1,471.40000000000003,New / One-time Recent
13558,United Kingdom,15,3,471.84,Repeat Active
14013,United Kingdom,102,3,473.02,Occasional At Risk
15780,United Kingdom,175,3,475.28000000000003,Occasional At Risk
14497,United Kingdom,301,1,475.37,Hibernating
14853,United Kingdom,16,2,475.8,Repeat Active
15507,United Kingdom,163,1,475.86,Occasional At Risk
18176,United Kingdom,350,1,476.35,Hibernating
12447,Belgium,235,1,476.49,Hibernating
15907,United Kingdom,168,2,477.59000000000003,Occasional At Risk
14320,United Kingdom,198,2,477.78999999999996,Hibernating
13092,United Kingdom,62,5,477.83,Loyal Active
16693,United Kingdom,60,2,477.86,Repeat Active
12644,Germany,121,1,477.91,Occasional At Risk
16768,United Kingdom,39,3,478.09000000000003,Repeat Active
15589,United Kingdom,247,3,478.53,Hibernating
15053,United Kingdom,148,2,478.6,Occasional At Risk
16008,United Kingdom,15,3,478.78,Repeat Active
16812,United Kingdom,352,1,479.35,Hibernating
17555,United Kingdom,11,2,480.31,Repeat Active
15006,United Kingdom,43,1,480.38,New / One-time Recent
15091,United Kingdom,59,1,480.71,New / One-time Recent
14130,United Kingdom,311,1,480.91,Hibernating
13176,United Kingdom,38,1,481.49,New / One-time Recent
18216,United Kingdom,23,1,481.75,New / One-time Recent
12504,Germany,10,2,482.04999999999995,Repeat Active
17950,United Kingdom,64,3,482.2,Repeat Active
16603,United Kingdom,66,2,482.47,Repeat Active
17883,United Kingdom,6,3,483.15000000000003,Repeat Active
14450,United Kingdom,172,3,483.25,Occasional At Risk
14147,United Kingdom,70,2,483.40000000000003,Repeat Active
12808,Portugal,28,3,483.65000000000003,Repeat Active
14958,United Kingdom,139,3,483.72999999999996,Occasional At Risk
13531,United Kingdom,197,2,483.79999999999995,Hibernating
16518,United Kingdom,53,2,484.32,Repeat Active
16999,United Kingdom,15,2,484.82000000000005,Repeat Active
12358,Austria,142,1,484.86,Occasional At Risk
15109,United Kingdom,237,1,484.95,Hibernating
12639,Sweden,230,1,486.1,Hibernating
15287,United Kingdom,14,2,486.69000000000005,Repeat Active
17453,United Kingdom,9,2,486.7199999999999,Repeat Active
13675,United Kingdom,143,2,486.82000000000005,Occasional At Risk
13338,United Kingdom,149,1,487.02000000000004,Occasional At Risk
16643,United Kingdom,237,1,487.51,Hibernating
15165,United Kingdom,365,1,487.75,Hibernating
14396,United Kingdom,57,2,487.99,Repeat Active
17361,United Kingdom,41,3,488.2,Repeat Active
12809,Portugal,169,1,489.31,Occasional At Risk
18074,United Kingdom,365,1,489.6,Hibernating
13311,United Kingdom,142,1,490.11,Occasional At Risk
14416,United Kingdom,14,2,490.22,Repeat Active
15000,United Kingdom,39,1,490.52,New / One-time Recent
14236,United Kingdom,72,2,490.86,Repeat Active
13732,United Kingdom,20,1,491.86,New / One-time Recent
15031,United Kingdom,22,3,492.61,Repeat Active
14270,United Kingdom,323,1,492.65000000000003,Hibernating
12763,Japan,130,2,494.08,Occasional At Risk
17333,United Kingdom,77,1,494.25,New / One-time Recent
16352,United Kingdom,9,2,494.44,Repeat Active
15448,United Kingdom,304,1,494.64,Hibernating
17374,United Kingdom,210,2,495.77,Hibernating
12904,United Kingdom,10,2,496.06,Repeat Active
15018,United Kingdom,30,3,496.21000000000004,Repeat Active
15300,United Kingdom,56,1,496.44,New / One-time Recent
12695,France,58,3,497.0,Repeat Active
16820,United Kingdom,87,1,497.61,New / One-time Recent
17298,United Kingdom,93,2,498.42,Occasional At Risk
17053,United Kingdom,122,1,498.48,Occasional At Risk
15142,United Kingdom,38,1,498.74,New / One-time Recent
16488,United Kingdom,25,3,498.8,Repeat Active
14681,United Kingdom,63,3,498.95,Repeat Active
15193,United Kingdom,52,1,499.32,New / One-time Recent
14077,United Kingdom,32,5,499.42,Loyal Active
15389,United Kingdom,164,1,500.0,Occasional At Risk
16616,United Kingdom,7,2,500.41999999999996,Repeat Active
16898,United Kingdom,18,3,501.03,Repeat Active
13247,United Kingdom,9,4,501.12,Repeat Active
13116,United Kingdom,130,1,501.14,Occasional At Risk
15881,United Kingdom,304,5,501.39000000000004,High-Value Lapsed
16015,United Kingdom,18,2,501.44999999999993,Repeat Active
13865,United Kingdom,50,4,501.56,Repeat Active
16863,United Kingdom,23,2,502.8,Repeat Active
15535,United Kingdom,165,4,502.9,Occasional At Risk
17630,United Kingdom,161,2,503.6,Occasional At Risk
12991,United Kingdom,15,2,503.76,Repeat Active
15081,United Kingdom,14,5,504.8,Loyal Active
14014,United Kingdom,69,1,505.18,New / One-time Recent
12988,United Kingdom,284,1,505.82,Hibernating
16614,United Kingdom,174,1,506.19,Occasional At Risk
13885,United Kingdom,181,2,506.80000000000007,Hibernating
16960,United Kingdom,30,3,507.05,Repeat Active
14820,United Kingdom,13,4,507.29,Repeat Active
13868,United Kingdom,30,1,507.54,New / One-time Recent
14158,United Kingdom,32,1,507.66,New / One-time Recent
17415,United Kingdom,71,1,507.84,New / One-time Recent
17958,United Kingdom,108,1,508.46,Occasional At Risk
14317,United Kingdom,56,1,508.58,New / One-time Recent
15417,United Kingdom,77,1,508.8,New / One-time Recent
17391,United Kingdom,155,2,508.8,Occasional At Risk
12436,Norway,91,1,509.01000000000005,Occasional At Risk
15406,United Kingdom,23,3,510.71000000000004,Repeat Active
14851,United Kingdom,15,2,511.35,Repeat Active
12582,Finland,230,2,511.36,Hibernating
15891,United Kingdom,218,1,511.68,Hibernating
17480,United Kingdom,69,1,511.82,New / One-time Recent
17805,United Kingdom,65,1,512.31,New / One-time Recent
15028,United Kingdom,34,3,512.43,Repeat Active
17513,United Kingdom,64,1,513.2,New / One-time Recent
13005,United Kingdom,165,2,513.7,Occasional At Risk
15246,United Kingdom,230,2,514.1500000000001,Hibernating
12811,Portugal,252,3,514.85,Hibernating
15809,United Kingdom,28,5,515.77,Loyal Active
15882,United Kingdom,190,4,516.36,Hibernating
13043,United Kingdom,265,1,516.42,Hibernating
18205,United Kingdom,28,2,517.36,Repeat Active
17454,United Kingdom,184,4,517.53,Hibernating
16135,United Kingdom,254,1,517.55,Hibernating
18252,United Kingdom,42,2,518.27,Repeat Active
15030,United Kingdom,63,2,518.28,Repeat Active
16650,United Kingdom,63,1,518.42,New / One-time Recent
16955,United Kingdom,176,4,518.67,Occasional At Risk
13643,United Kingdom,23,3,519.44,Repeat Active
12571,France,31,2,519.61,Repeat Active
14873,United Kingdom,202,1,519.68,Hibernating
17345,United Kingdom,7,5,519.69,Loyal Active
15149,United Kingdom,125,1,520.8000000000001,Occasional At Risk
12863,United Kingdom,44,1,521.2,New / One-time Recent
13705,United Kingdom,136,2,522.68,Occasional At Risk
17712,United Kingdom,36,1,522.91,New / One-time Recent
18017,United Kingdom,73,3,523.0,Repeat Active
17329,United Kingdom,6,2,523.11,Repeat Active
13721,United Kingdom,28,1,524.14,New / One-time Recent
15467,United Kingdom,1,3,524.88,Repeat Active
17429,United Kingdom,120,3,524.9200000000001,Occasional At Risk
15919,United Kingdom,11,2,525.69,Repeat Active
17623,United Kingdom,24,1,527.0500000000001,New / One-time Recent
12479,Germany,3,1,527.2,New / One-time Recent
15756,United Kingdom,53,4,528.01,Repeat Active
16602,United Kingdom,28,1,528.08,New / One-time Recent
15452,United Kingdom,21,3,528.48,Repeat Active
18043,United Kingdom,16,3,529.2900000000001,Repeat Active
16185,United Kingdom,8,2,529.41,Repeat Active
14463,United Kingdom,90,3,529.62,Repeat Active
14002,United Kingdom,126,2,529.73,Occasional At Risk
18159,United Kingdom,293,1,530.15,Hibernating
14265,Unspecified,101,2,530.1800000000001,Occasional At Risk
15969,United Kingdom,41,2,531.1,Repeat Active
16706,United Kingdom,29,3,531.3499999999999,Repeat Active
12572,Germany,43,1,532.74,New / One-time Recent
12784,Portugal,1,2,532.8199999999999,Repeat Active
15825,United Kingdom,164,1,532.94,Occasional At Risk
15433,United Kingdom,205,2,533.3,Hibernating
17062,United Kingdom,305,4,533.33,Hibernating
14083,United Kingdom,118,7,533.39,High-Value At Risk
13217,United Kingdom,114,3,533.98,Occasional At Risk
13434,United Kingdom,66,2,534.24,Repeat Active
17443,Canada,211,1,534.24,Hibernating
16340,United Kingdom,99,1,534.31,Occasional At Risk
13385,United Kingdom,321,1,534.57,Hibernating
17006,United Kingdom,10,3,534.72,Repeat Active
13000,United Kingdom,98,3,534.85,Occasional At Risk
16142,United Kingdom,241,1,535.34,Hibernating
16233,United Kingdom,63,3,536.6800000000001,Repeat Active
16804,United Kingdom,15,3,536.99,Repeat Active
15043,United Kingdom,23,1,537.0,New / One-time Recent
16206,United Kingdom,46,4,537.06,Repeat Active
14539,United Kingdom,7,2,537.48,Repeat Active
15469,United Kingdom,42,2,538.55,Repeat Active
14496,United Kingdom,303,2,538.8100000000001,Hibernating
13812,Germany,34,3,539.0,Repeat Active
12743,Unspecified,126,2,540.13,Occasional At Risk
13874,United Kingdom,350,1,540.45,Hibernating
13884,United Kingdom,81,4,540.5,Repeat Active
14140,United Kingdom,23,1,540.99,New / One-time Recent
17557,United Kingdom,6,3,541.46,Repeat Active
17447,United Kingdom,32,2,541.53,Repeat Active
17897,United Kingdom,164,3,541.81,Occasional At Risk
16230,United Kingdom,181,2,542.03,Hibernating
13278,United Kingdom,32,1,542.73,New / One-time Recent
16927,United Kingdom,107,3,543.05,Occasional At Risk
13390,United Kingdom,66,1,544.08,New / One-time Recent
13617,United Kingdom,32,3,544.18,Repeat Active
16475,United Kingdom,80,4,544.3,Repeat Active
12793,Portugal,326,2,545.48,Hibernating
17806,United Kingdom,3,1,546.04,New / One-time Recent
14997,United Kingdom,38,3,546.1999999999999,Repeat Active
14805,United Kingdom,7,4,546.4,Repeat Active
17520,United Kingdom,45,1,546.81,New / One-time Recent
17295,United Kingdom,20,3,547.0,Repeat Active
16211,United Kingdom,80,1,547.02,New / One-time Recent
17637,United Kingdom,23,2,547.06,Repeat Active
17119,United Kingdom,51,1,547.25,New / One-time Recent
14474,United Kingdom,38,1,547.66,New / One-time Recent
16031,United Kingdom,84,2,547.9,Repeat Active
16536,United Kingdom,102,1,548.12,Occasional At Risk
15399,United Kingdom,14,2,549.13,Repeat Active
14177,United Kingdom,78,4,549.46,Repeat Active
12390,Belgium,71,1,549.84,New / One-time Recent
17265,United Kingdom,130,2,550.01,Occasional At Risk
17235,United Kingdom,17,2,550.06,Repeat Active
16200,United Kingdom,156,1,550.57,Occasional At Risk
17291,United Kingdom,300,1,550.8000000000001,Hibernating
17674,United Kingdom,66,2,551.04,Repeat Active
12363,Unspecified,101,2,552.0,Occasional At Risk
15068,United Kingdom,38,2,553.36,Repeat Active
14618,United Kingdom,1,3,553.44,Repeat Active
14891,United Kingdom,140,2,554.38,Occasional At Risk
17864,United Kingdom,4,3,554.85,Repeat Active
16385,United Kingdom,52,3,554.86,Repeat Active
17955,United Kingdom,190,4,557.3,Hibernating
13260,United Kingdom,53,1,557.62,New / One-time Recent
14592,United Kingdom,27,3,557.9399999999999,Repeat Active
13800,United Kingdom,301,1,558.32,Hibernating
12987,United Kingdom,65,2,558.7,Repeat Active
12866,Belgium,275,1,559.12,Hibernating
16906,United Kingdom,73,4,559.59,Repeat Active
15415,United Kingdom,305,1,559.61,Hibernating
16275,United Kingdom,188,1,559.87,Hibernating
14273,United Kingdom,43,4,559.97,Repeat Active
13044,United Kingdom,283,1,560.47,Hibernating
15655,United Kingdom,235,1,560.6700000000001,Hibernating
13946,United Kingdom,71,3,561.5699999999999,Repeat Active
12559,Germany,302,2,561.71,Hibernating
12414,Austria,209,3,562.41,Hibernating
16916,United Kingdom,15,2,562.4100000000001,Repeat Active
14167,United Kingdom,31,4,562.59,Repeat Active
17970,United Kingdom,203,1,562.79,Hibernating
14753,United Kingdom,79,1,563.15,New / One-time Recent
13894,United Kingdom,15,3,564.62,Repeat Active
16345,United Kingdom,36,1,565.46,New / One-time Recent
16278,United Kingdom,92,1,566.38,Occasional At Risk
18150,United Kingdom,24,3,566.58,Repeat Active
16667,United Kingdom,60,2,567.18,Repeat Active
13321,United Kingdom,64,2,567.36,Repeat Active
17360,United Kingdom,9,3,568.24,Repeat Active
13939,United Kingdom,15,3,568.55,Repeat Active
15315,United Kingdom,56,2,570.5,Repeat Active
15821,United Kingdom,36,2,570.96,Repeat Active
17616,United Kingdom,165,3,571.1999999999999,Occasional At Risk
12628,Germany,25,2,571.21,Repeat Active
13816,Germany,15,2,571.6700000000001,Repeat Active
12816,Poland,87,2,572.2,Repeat Active
13405,United Kingdom,66,3,572.451,Repeat Active
13379,United Kingdom,18,3,572.5600000000001,Repeat Active
16600,United Kingdom,8,5,573.2,Loyal Active
12879,United Kingdom,36,3,573.22,Repeat Active
15303,United Kingdom,282,1,574.02,Hibernating
15339,United Kingdom,58,2,574.0699999999999,Repeat Active
18123,United Kingdom,16,2,574.4399999999999,Repeat Active
14400,United Kingdom,141,1,574.7,Occasional At Risk
13487,United Kingdom,49,3,575.4,Repeat Active
15830,United Kingdom,29,1,576.0,New / One-time Recent
13077,United Kingdom,282,3,576.19,Hibernating
16723,United Kingdom,83,2,576.4,Repeat Active
14176,United Kingdom,289,4,576.9000000000001,Hibernating
12601,Germany,181,5,577.06,High-Value Lapsed
14529,United Kingdom,52,3,578.61,Repeat Active
16005,United Kingdom,4,4,578.71,Repeat Active
17540,United Kingdom,16,2,578.9000000000001,Repeat Active
13292,United Kingdom,30,2,578.94,Repeat Active
17142,United Kingdom,231,1,579.0,Hibernating
18095,United Kingdom,304,2,580.05,Hibernating
17259,United Kingdom,140,2,581.23,Occasional At Risk
13427,United Kingdom,11,3,582.6,Repeat Active
12426,Germany,186,1,582.73,Hibernating
15762,United Kingdom,57,2,583.75,Repeat Active
13557,United Kingdom,20,2,584.06,Repeat Active
16072,United Kingdom,280,1,584.32,Hibernating
16384,United Kingdom,81,2,584.5,Repeat Active
15222,United Kingdom,310,1,585.0,Hibernating
13243,United Kingdom,195,1,585.12,Hibernating
12384,Switzerland,20,2,585.27,Repeat Active
17890,United Kingdom,314,2,586.89,Hibernating
17351,United Kingdom,28,3,587.15,Repeat Active
15624,United Kingdom,108,4,588.13,Occasional At Risk
14338,United Kingdom,153,2,588.22,Occasional At Risk
16838,United Kingdom,189,2,588.85,Hibernating
13314,United Kingdom,55,2,589.47,Repeat Active
14882,United Kingdom,18,2,589.7,Repeat Active
13270,United Kingdom,358,1,590.0,Hibernating
13452,United Kingdom,251,2,590.0,Hibernating
17884,United Kingdom,303,3,590.54,Hibernating
13276,United Kingdom,55,2,590.9300000000001,Repeat Active
15573,United Kingdom,23,2,591.1899999999999,Repeat Active
14692,United Kingdom,129,4,591.5500000000001,Occasional At Risk
16203,United Kingdom,50,4,592.9,Repeat Active
18232,United Kingdom,73,4,592.97,Repeat Active
12917,United Kingdom,120,1,594.0,Occasional At Risk
15442,United Kingdom,240,1,594.0,Hibernating
13959,United Kingdom,71,3,594.0400000000001,Repeat Active
16325,United Kingdom,38,3,594.24,Repeat Active
16788,United Kingdom,115,2,594.3900000000001,Occasional At Risk
14284,United Kingdom,22,2,595.25,Repeat Active
17658,United Kingdom,17,2,595.4200000000001,Repeat Active
13888,United Kingdom,111,2,595.6700000000001,Occasional At Risk
17144,United Kingdom,76,1,595.89,New / One-time Recent
14965,United Kingdom,88,2,596.0899999999999,Repeat Active
18246,United Kingdom,15,2,596.1,Repeat Active
14467,United Kingdom,9,4,596.26,Repeat Active
14675,United Kingdom,8,1,596.36,New / One-time Recent
15381,United Kingdom,205,2,596.85,Hibernating
14645,United Kingdom,148,2,597.09,Occasional At Risk
14108,United Kingdom,22,2,597.91,Repeat Active
16298,United Kingdom,14,3,598.2,Repeat Active
15720,United Kingdom,16,1,598.73,New / One-time Recent
17420,United Kingdom,42,3,598.83,Repeat Active
14710,United Kingdom,6,4,599.48,Repeat Active
12556,Spain,42,2,599.56,Repeat Active
12521,Germany,134,1,599.68,Occasional At Risk
12872,United Kingdom,318,2,599.97,Hibernating
18211,United Kingdom,17,5,600.07,Loyal Active
12420,Cyprus,55,1,600.39,New / One-time Recent
16654,United Kingdom,133,4,601.27,Occasional At Risk
14609,United Kingdom,64,4,601.56,Repeat Active
12654,Germany,2,5,601.98,Loyal Active
15366,United Kingdom,67,2,602.51,Repeat Active
16022,United Kingdom,252,1,602.63,Hibernating
14629,United Kingdom,39,1,603.1800000000001,New / One-time Recent
12707,France,283,1,603.42,Hibernating
16732,United Kingdom,23,1,603.75,New / One-time Recent
12944,United Kingdom,27,2,604.51,Repeat Active
17664,United Kingdom,10,2,604.64,Repeat Active
14323,United Kingdom,106,2,605.06,Occasional At Risk
13233,United Kingdom,66,2,605.12,Repeat Active
17507,United Kingdom,253,2,605.5799999999999,Hibernating
14133,United Kingdom,121,3,605.64,Occasional At Risk
17849,United Kingdom,210,4,605.8000000000001,Hibernating
16718,United Kingdom,361,1,606.0500000000001,Hibernating
12933,United Kingdom,16,3,607.53,Repeat Active
13933,United Kingdom,101,2,608.79,Occasional At Risk
13357,United Kingdom,249,1,609.4,Hibernating
14636,United Kingdom,28,2,609.85,Repeat Active
15795,United Kingdom,141,1,610.01,Occasional At Risk
13731,United Kingdom,211,2,610.59,Hibernating
16763,United Kingdom,190,1,611.85,Hibernating
16109,United Kingdom,210,2,611.8799999999999,Hibernating
15645,United Kingdom,10,1,612.01,New / One-time Recent
15232,United Kingdom,105,2,612.06,Occasional At Risk
18149,United Kingdom,42,3,612.0799999999999,Repeat Active
12513,France,104,1,612.29,Occasional At Risk
18022,United Kingdom,27,1,612.72,New / One-time Recent
16116,United Kingdom,203,1,612.78,Hibernating
17115,United Kingdom,174,2,612.8199999999999,Occasional At Risk
12680,France,65,3,613.3599999999999,Repeat Active
16566,United Kingdom,7,5,614.66,Loyal Active
15275,United Kingdom,29,1,615.14,New / One-time Recent
14382,United Kingdom,18,1,615.49,New / One-time Recent
17321,United Kingdom,59,1,615.91,New / One-time Recent
14905,United Kingdom,149,2,616.1500000000001,Occasional At Risk
16311,United Kingdom,9,2,616.26,Repeat Active
14377,United Kingdom,183,2,617.05,Hibernating
14593,United Kingdom,13,3,617.15,Repeat Active
13301,United Kingdom,95,4,618.09,Occasional At Risk
16134,United Kingdom,13,2,618.09,Repeat Active
12596,Spain,43,2,618.27,Repeat Active
13145,United Kingdom,31,4,618.52,Repeat Active
16613,United Kingdom,62,1,618.59,New / One-time Recent
13493,Switzerland,267,2,618.63,Hibernating
12667,Finland,50,1,620.13,New / One-time Recent
16141,United Kingdom,80,1,620.4,New / One-time Recent
13546,United Kingdom,4,3,621.09,Repeat Active
13402,United Kingdom,119,2,621.23,Occasional At Risk
14152,United Kingdom,67,2,621.29,Repeat Active
17640,United Kingdom,78,1,621.66,New / One-time Recent
16915,United Kingdom,1,6,621.6800000000001,Loyal Active
14138,United Kingdom,55,1,621.71,New / One-time Recent
18217,United Kingdom,21,2,621.75,Repeat Active
15768,United Kingdom,107,3,621.83,Occasional At Risk
17460,United Kingdom,86,6,622.4300000000001,Loyal Active
15182,United Kingdom,146,2,622.85,Occasional At Risk
17499,United Kingdom,281,1,622.88,Hibernating
15258,United Kingdom,160,2,623.16,Occasional At Risk
16431,United Kingdom,205,3,623.28,Hibernating
13368,United Kingdom,248,2,623.4,Hibernating
15147,United Kingdom,232,1,623.5,Hibernating
12649,Germany,99,3,623.51,Occasional At Risk
16750,United Kingdom,36,5,623.93,Loyal Active
16469,United Kingdom,15,4,625.42,Repeat Active
14075,United Kingdom,11,2,625.48,Repeat Active
17618,United Kingdom,240,2,625.48,Hibernating
13914,United Kingdom,3,2,626.45,Repeat Active
12577,France,27,3,626.6,Repeat Active
14036,United Kingdom,276,1,626.65,Hibernating
15402,United Kingdom,140,2,626.77,Occasional At Risk
13518,United Kingdom,77,1,627.16,New / One-time Recent
14687,United Kingdom,98,1,628.38,Occasional At Risk
13525,United Kingdom,6,2,628.78,Repeat Active
13046,United Kingdom,22,2,629.3100000000001,Repeat Active
17990,United Kingdom,228,3,630.84,Hibernating
16418,United Kingdom,36,3,631.12,Repeat Active
13539,United Kingdom,77,3,631.34,Repeat Active
17985,United Kingdom,14,1,631.35,New / One-time Recent
15244,United Kingdom,57,2,631.5699999999999,Repeat Active
14021,United Kingdom,147,3,631.9,Occasional At Risk
18183,United Kingdom,219,2,632.07,Hibernating
16306,United Kingdom,205,6,632.27,High-Value Lapsed
14220,United Kingdom,239,2,632.4000000000001,Hibernating
13892,United Kingdom,18,4,632.9699999999999,Repeat Active
16139,United Kingdom,10,3,635.41,Repeat Active
14000,United Kingdom,203,1,635.66,Hibernating
15829,United Kingdom,91,2,636.14,Occasional At Risk
14664,United Kingdom,11,2,636.24,Repeat Active
14481,United Kingdom,156,2,636.51,Occasional At Risk
14128,United Kingdom,52,2,637.5,Repeat Active
14754,United Kingdom,36,2,638.05,Repeat Active
18160,United Kingdom,49,2,638.06,Repeat Active
16891,United Kingdom,28,4,638.98,Repeat Active
17515,United Kingdom,23,4,639.02,Repeat Active
15648,United Kingdom,196,2,639.5,Hibernating
14301,United Kingdom,109,1,640.14,Occasional At Risk
12631,Finland,49,1,640.5,New / One-time Recent
12624,France,98,2,641.13,Occasional At Risk
12365,Cyprus,283,2,641.38,Hibernating
18218,United Kingdom,203,2,641.92,Hibernating
15297,United Kingdom,2,3,641.94,Repeat Active
17046,United Kingdom,149,1,642.02,Occasional At Risk
17545,United Kingdom,35,3,642.3199999999999,Repeat Active
15384,United Kingdom,161,2,642.41,Occasional At Risk
13034,United Kingdom,46,2,642.77,Repeat Active
14020,United Kingdom,8,2,642.8,Repeat Active
14126,United Kingdom,2,2,643.6300000000001,Repeat Active
16383,United Kingdom,66,2,643.76,Repeat Active
14451,United Kingdom,52,2,643.9,Repeat Active
15948,United Kingdom,35,1,644.24,New / One-time Recent
17312,United Kingdom,130,3,644.3,Occasional At Risk
12994,United Kingdom,112,2,645.47,Occasional At Risk
14855,United Kingdom,111,2,645.6500000000001,Occasional At Risk
15651,United Kingdom,28,3,646.3000000000001,Repeat Active
14044,United Kingdom,18,4,646.42,Repeat Active
12589,France,20,2,646.68,Repeat Active
16734,United Kingdom,44,3,646.76,Repeat Active
16014,United Kingdom,29,3,646.83,Repeat Active
17373,United Kingdom,32,4,646.9200000000001,Repeat Active
17777,United Kingdom,16,3,647.56,Repeat Active
12723,France,8,4,647.79,Repeat Active
16438,United Kingdom,18,4,648.54,Repeat Active
14034,United Kingdom,14,3,648.89,Repeat Active
17779,United Kingdom,13,3,650.3199999999999,Repeat Active
16969,United Kingdom,31,3,650.41,Repeat Active
15571,United Kingdom,3,4,650.4300000000001,Repeat Active
16056,United Kingdom,37,1,650.75,New / One-time Recent
17523,United Kingdom,3,4,652.74,Repeat Active
14548,United Kingdom,142,2,652.8,Occasional At Risk
15205,United Kingdom,77,2,653.24,Repeat Active
18121,United Kingdom,141,2,653.3,Occasional At Risk
13496,United Kingdom,2,2,653.3299999999999,Repeat Active
18151,United Kingdom,126,2,653.35,Occasional At Risk
17398,United Kingdom,106,3,653.38,Occasional At Risk
14651,United Kingdom,59,2,653.75,Repeat Active
16444,United Kingdom,38,4,654.67,Repeat Active
14725,United Kingdom,16,1,655.58,New / One-time Recent
14894,United Kingdom,77,1,655.75,New / One-time Recent
16127,United Kingdom,31,1,656.25,New / One-time Recent
17299,United Kingdom,3,4,656.61,Repeat Active
16708,United Kingdom,37,1,656.63,New / One-time Recent
13049,United Kingdom,56,2,656.68,Repeat Active
16157,United Kingdom,7,3,656.69,Repeat Active
15677,United Kingdom,41,1,657.23,New / One-time Recent
17459,United Kingdom,35,2,657.3,Repeat Active
14818,United Kingdom,65,3,657.8,Repeat Active
16696,United Kingdom,127,4,657.9000000000001,Occasional At Risk
14150,United Kingdom,27,2,658.6400000000001,Repeat Active
16357,United Kingdom,25,3,658.88,Repeat Active
13759,United Kingdom,25,2,659.41,Repeat Active
15492,United Kingdom,20,2,659.46,Repeat Active
15862,United Kingdom,104,3,659.73,Occasional At Risk
14603,United Kingdom,266,1,660.0,Hibernating
12828,United Kingdom,57,4,661.3100000000001,Repeat Active
13028,United Kingdom,14,2,661.3199999999999,Repeat Active
16774,United Kingdom,59,4,661.52,Repeat Active
15208,United Kingdom,23,4,662.52,Repeat Active
16513,United Kingdom,11,2,662.7900000000001,Repeat Active
16573,United Kingdom,76,2,663.61,Repeat Active
13240,United Kingdom,88,4,663.65,Repeat Active
15643,United Kingdom,183,3,664.0,Hibernating
16208,United Kingdom,36,2,664.26,Repeat Active
13963,United Kingdom,300,4,664.54,Hibernating
17105,United Kingdom,151,2,665.78,Occasional At Risk
16268,United Kingdom,63,2,667.65,Repeat Active
13741,United Kingdom,63,3,668.4300000000001,Repeat Active
14342,United Kingdom,13,4,668.5600000000001,Repeat Active
12418,Switzerland,104,1,668.58,Occasional At Risk
16833,United Kingdom,251,3,671.2900000000001,Hibernating
12638,Sweden,25,1,671.69,New / One-time Recent
12838,United Kingdom,25,2,671.95,Repeat Active
14628,United Kingdom,83,2,671.96,Repeat Active
13258,United Kingdom,3,3,672.83,Repeat Active
14504,United Kingdom,39,4,673.26,Repeat Active
13951,United Kingdom,168,3,674.45,Occasional At Risk
17749,United Kingdom,170,2,674.52,Occasional At Risk
13464,United Kingdom,50,1,674.68,New / One-time Recent
13355,United Kingdom,114,1,674.7,Occasional At Risk
17994,United Kingdom,113,4,674.89,Occasional At Risk
13325,United Kingdom,73,1,675.3,New / One-time Recent
13607,United Kingdom,32,1,675.51,New / One-time Recent
12942,United Kingdom,123,3,675.6,Occasional At Risk
15574,United Kingdom,169,4,675.64,Occasional At Risk
18156,United Kingdom,4,2,675.64,Repeat Active
17462,United Kingdom,52,2,675.69,Repeat Active
15626,United Kingdom,66,2,675.8,Repeat Active
16377,United Kingdom,259,1,676.2,Hibernating
13388,United Kingdom,123,2,677.0999999999999,Occasional At Risk
12716,France,125,1,677.9,Occasional At Risk
13548,United Kingdom,88,2,678.16,Repeat Active
13925,United Kingdom,84,4,678.25,Repeat Active
13430,United Kingdom,10,2,679.45,Repeat Active
15322,United Kingdom,77,1,679.68,New / One-time Recent
16872,United Kingdom,69,3,680.0200000000001,Repeat Active
13524,United Kingdom,32,5,680.1800000000001,Loyal Active
18082,United Kingdom,17,1,680.84,New / One-time Recent
17397,United Kingdom,14,2,681.41,Repeat Active
18135,United Kingdom,21,5,681.91,Loyal Active
17341,United Kingdom,148,3,682.29,Occasional At Risk
15582,United Kingdom,16,3,682.9100000000001,Repeat Active
14222,United Kingdom,169,1,683.17,Occasional At Risk
17874,United Kingdom,177,6,683.46,High-Value At Risk
15669,United Kingdom,32,4,684.34,Repeat Active
16122,United Kingdom,65,4,684.4200000000001,Repeat Active
15038,United Kingdom,50,6,685.74,Loyal Active
12658,Germany,10,1,686.05,New / One-time Recent
18196,United Kingdom,87,2,686.63,Repeat Active
14141,United Kingdom,51,3,688.7800000000001,Repeat Active
13799,United Kingdom,108,2,688.8599999999999,Occasional At Risk
17502,United Kingdom,1,4,689.1,Repeat Active
15181,United Kingdom,58,3,689.48,Repeat Active
13023,United Kingdom,56,2,689.9000000000001,Repeat Active
18085,United Kingdom,322,2,689.95,Hibernating
17796,United Kingdom,32,4,690.0,Repeat Active
16212,United Kingdom,11,2,690.34,Repeat Active
14880,United Kingdom,69,3,690.59,Repeat Active
17733,United Kingdom,30,2,692.19,Repeat Active
17198,United Kingdom,15,3,692.22,Repeat Active
14111,United Kingdom,6,4,692.85,Repeat Active
13601,United Kingdom,37,2,693.3199999999999,Repeat Active
12410,Switzerland,300,2,693.33,Hibernating
14643,United Kingdom,162,2,693.81,Occasional At Risk
15304,United Kingdom,52,8,694.4,Loyal Active
14959,United Kingdom,56,4,695.42,Repeat Active
14009,United Kingdom,190,2,695.61,Hibernating
15700,United Kingdom,164,2,696.68,Occasional At Risk
15800,United Kingdom,99,2,696.89,Occasional At Risk
17472,United Kingdom,183,3,697.54,Hibernating
14829,United Kingdom,21,4,697.55,Repeat Active
17423,United Kingdom,38,2,698.4100000000001,Repeat Active
17812,United Kingdom,4,4,699.81,Repeat Active
17734,United Kingdom,45,3,700.63,Repeat Active
13238,United Kingdom,9,4,700.73,Repeat Active
14708,United Kingdom,146,2,701.1800000000001,Occasional At Risk
14356,United Kingdom,71,2,701.23,Repeat Active
14198,United Kingdom,10,4,701.4000000000001,Repeat Active
14179,United Kingdom,32,2,701.57,Repeat Active
16997,United Kingdom,280,3,702.0,Hibernating
15103,United Kingdom,23,2,703.36,Repeat Active
12883,United Kingdom,16,4,703.47,Repeat Active
17974,United Kingdom,16,3,703.99,Repeat Active
12612,Germany,66,1,704.0400000000001,New / One-time Recent
17934,United Kingdom,43,2,704.25,Repeat Active
16882,United Kingdom,58,3,705.12,Repeat Active
16364,United Kingdom,3,2,705.79,Repeat Active
16309,United Kingdom,98,2,706.5699999999999,Occasional At Risk
12453,Austria,126,1,707.09,Occasional At Risk
16449,United Kingdom,189,2,707.69,Hibernating
16136,United Kingdom,51,3,709.38,Repeat Active
14127,United Kingdom,114,3,709.71,Occasional At Risk
16362,United Kingdom,24,5,709.99,Loyal Active
14867,United Kingdom,177,3,710.28,Occasional At Risk
13249,United Kingdom,84,3,711.4100000000001,Repeat Active
17179,United Kingdom,170,3,711.79,Occasional At Risk
15855,United Kingdom,128,5,712.24,High-Value At Risk
17642,United Kingdom,111,2,712.29,Occasional At Risk
13587,United Kingdom,55,1,712.4,New / One-time Recent
13416,United Kingdom,35,2,712.5,Repeat Active
17761,United Kingdom,24,1,712.78,New / One-time Recent
13147,United Kingdom,2,4,712.8000000000001,Repeat Active
13169,United Kingdom,55,2,712.88,Repeat Active
12616,France,87,2,713.3,Repeat Active
18035,United Kingdom,27,3,713.89,Repeat Active
15757,United Kingdom,57,2,714.4200000000001,Repeat Active
15330,United Kingdom,24,2,714.96,Repeat Active
17029,United Kingdom,102,2,716.0,Occasional At Risk
17888,United Kingdom,13,8,716.0,Loyal Active
17114,United Kingdom,25,7,716.08,Loyal Active
15400,United Kingdom,84,5,716.2,Loyal Active
12535,France,83,2,716.3499999999999,Repeat Active
16023,United Kingdom,38,3,719.8100000000001,Repeat Active
18062,United Kingdom,165,3,720.52,Occasional At Risk
15584,United Kingdom,15,4,720.86,Repeat Active
15272,United Kingdom,49,2,721.94,Repeat Active
17521,United Kingdom,21,3,723.21,Repeat Active
12475,Germany,45,1,723.38,New / One-time Recent
15636,United Kingdom,81,2,724.76,Repeat Active
16140,United Kingdom,57,2,725.18,Repeat Active
14055,United Kingdom,98,1,725.6400000000001,Occasional At Risk
13623,United Kingdom,22,5,727.74,Loyal Active
16261,United Kingdom,9,4,728.54,Repeat Active
12468,Germany,179,2,729.5400000000001,Occasional At Risk
14778,United Kingdom,119,2,730.86,Occasional At Risk
16491,United Kingdom,38,1,731.5,New / One-time Recent
12646,USA,41,1,731.6899999999999,New / One-time Recent
16099,United Kingdom,42,3,731.9000000000001,Repeat Active
12820,United Kingdom,36,3,731.99,Repeat Active
13575,United Kingdom,15,5,732.0699999999999,Loyal Active
17979,United Kingdom,27,4,732.41,Repeat Active
16146,United Kingdom,149,3,734.13,Occasional At Risk
15215,United Kingdom,38,3,734.94,Repeat Active
15045,United Kingdom,143,2,735.66,Occasional At Risk
15074,United Kingdom,97,1,735.67,Occasional At Risk
17461,United Kingdom,14,3,735.82,Repeat Active
12976,United Kingdom,203,1,738.6,Hibernating
14756,United Kingdom,7,1,738.96,New / One-time Recent
12603,Germany,13,1,739.1999999999999,New / One-time Recent
14293,United Kingdom,139,3,739.41,Occasional At Risk
15252,United Kingdom,28,2,740.78,Repeat Active
17692,United Kingdom,119,4,740.9399999999999,Occasional At Risk
13900,United Kingdom,175,3,740.95,Occasional At Risk
13753,United Kingdom,279,1,741.26,Hibernating
14662,United Kingdom,20,4,741.37,Repeat Active
14583,United Kingdom,136,4,741.72,Occasional At Risk
12465,Belgium,9,2,742.19,Repeat Active
12374,Austria,17,1,742.9300000000001,New / One-time Recent
16730,United Kingdom,44,3,743.11,Repeat Active
13354,United Kingdom,63,1,743.53,New / One-time Recent
13236,United Kingdom,16,2,744.85,Repeat Active
13950,United Kingdom,3,4,745.06,Repeat Active
14790,United Kingdom,8,4,745.06,Repeat Active
17034,United Kingdom,8,3,745.52,Repeat Active
14897,United Kingdom,44,3,746.3199999999999,Repeat Active
14050,United Kingdom,23,2,746.36,Repeat Active
17387,United Kingdom,11,2,746.81,Repeat Active
14201,United Kingdom,52,7,747.44,Loyal Active
16859,United Kingdom,136,2,747.81,Occasional At Risk
15656,United Kingdom,37,4,748.5,Repeat Active
14923,United Kingdom,42,1,749.1,New / One-time Recent
17584,United Kingdom,119,1,749.45,Occasional At Risk
17146,United Kingdom,97,3,749.78,Occasional At Risk
12908,United Kingdom,168,2,750.0,Occasional At Risk
12951,United Kingdom,165,5,751.78,High-Value At Risk
16256,United Kingdom,258,1,752.4300000000001,Hibernating
13030,United Kingdom,3,2,752.44,Repeat Active
13730,United Kingdom,127,2,752.5999999999999,Occasional At Risk
16470,United Kingdom,43,4,752.77,Repeat Active
14234,United Kingdom,14,4,754.12,Repeat Active
12985,United Kingdom,20,1,754.38,New / One-time Recent
18104,United Kingdom,29,1,754.64,New / One-time Recent
13370,United Kingdom,363,1,754.87,Hibernating
15223,United Kingdom,217,2,755.75,Hibernating
16770,United Kingdom,49,5,757.1,Loyal Active
14550,United Kingdom,2,2,757.37,Repeat Active
16205,United Kingdom,22,4,757.63,Repeat Active
12413,France,58,3,758.1,Repeat Active
16725,United Kingdom,294,7,758.27,High-Value Lapsed
16036,United Kingdom,79,2,758.9200000000001,Repeat Active
13104,United Kingdom,38,5,759.0,Loyal Active
17425,United Kingdom,11,2,759.1700000000001,Repeat Active
14883,United Kingdom,10,6,761.59,Loyal Active
15599,United Kingdom,18,2,761.74,Repeat Active
16806,United Kingdom,95,4,762.16,Occasional At Risk
17466,United Kingdom,2,2,763.28,Repeat Active
17268,United Kingdom,99,4,763.64,Occasional At Risk
17516,United Kingdom,7,5,764.88,Loyal Active
14885,United Kingdom,123,1,765.3199999999999,Occasional At Risk
17695,United Kingdom,123,2,765.34,Occasional At Risk
14672,United Kingdom,226,2,765.55,Hibernating
13356,United Kingdom,72,1,768.24,New / One-time Recent
16480,United Kingdom,67,1,769.29,New / One-time Recent
12965,United Kingdom,81,1,769.8100000000001,New / One-time Recent
14412,United Kingdom,34,2,770.03,Repeat Active
15353,United Kingdom,246,2,770.12,Hibernating
17409,United Kingdom,176,2,771.85,Occasional At Risk
17764,United Kingdom,42,2,772.55,Repeat Active
15075,United Kingdom,69,1,773.03,New / One-time Recent
16222,United Kingdom,310,1,773.5500000000001,Hibernating
16043,United Kingdom,29,4,773.99,Repeat Active
13026,United Kingdom,23,4,774.84,Repeat Active
15414,United Kingdom,1,3,774.9000000000001,Repeat Active
16825,United Kingdom,30,2,775.1800000000001,Repeat Active
13341,United Kingdom,252,1,775.85,Hibernating
15743,United Kingdom,8,4,775.96,Repeat Active
15618,United Kingdom,24,4,776.851,Repeat Active
12425,Portugal,70,1,777.2,New / One-time Recent
13563,United Kingdom,76,2,777.53,Repeat Active
16505,United Kingdom,23,1,777.6,New / One-time Recent
17414,United Kingdom,35,2,778.0,Repeat Active
14815,United Kingdom,28,2,778.5,Repeat Active
13375,United Kingdom,80,1,778.65,New / One-time Recent
17411,United Kingdom,4,3,778.94,Repeat Active
12735,France,307,2,779.5699999999999,Hibernating
18228,United Kingdom,48,2,779.9,Repeat Active
17797,United Kingdom,14,3,780.4300000000001,Repeat Active
15239,United Kingdom,2,2,780.59,Repeat Active
13583,United Kingdom,147,1,781.03,Occasional At Risk
15679,United Kingdom,16,4,781.28,Repeat Active
15952,United Kingdom,25,4,781.91,Repeat Active
16054,United Kingdom,137,1,783.9,Occasional At Risk
17180,United Kingdom,48,4,783.97,Repeat Active
18136,United Kingdom,55,3,784.33,Repeat Active
15806,United Kingdom,38,3,784.58,Repeat Active
13109,United Kingdom,51,2,786.54,Repeat Active
13212,United Kingdom,11,3,786.83,Repeat Active
16546,United Kingdom,282,2,787.1500000000001,Hibernating
14557,United Kingdom,77,1,788.38,New / One-time Recent
13329,United Kingdom,23,2,789.0,Repeat Active
13016,United Kingdom,65,3,789.89,Repeat Active
14976,United Kingdom,49,7,790.86,Loyal Active
13167,United Kingdom,10,4,791.3299999999999,Repeat Active
15990,United Kingdom,36,2,792.11,Repeat Active
15831,United Kingdom,50,3,794.64,Repeat Active
13336,United Kingdom,69,1,795.12,New / One-time Recent
12701,Germany,71,2,797.71,Repeat Active
13389,United Kingdom,3,3,797.96,Repeat Active
13280,United Kingdom,114,3,798.46,Occasional At Risk
17703,United Kingdom,27,3,798.74,Repeat Active
17905,United Kingdom,63,4,798.99,Repeat Active
13720,United Kingdom,108,4,799.9,Occasional At Risk
15561,United Kingdom,3,4,800.59,Repeat Active
16367,United Kingdom,29,2,800.6700000000001,Repeat Active
18265,United Kingdom,64,2,801.51,Repeat Active
15644,United Kingdom,158,4,803.54,Occasional At Risk
12422,Switzerland,87,3,803.56,Repeat Active
18248,United Kingdom,114,2,804.02,Occasional At Risk
13637,United Kingdom,44,3,804.3,Repeat Active
12434,Australia,76,2,806.14,Repeat Active
13707,United Kingdom,259,2,806.41,Hibernating
12421,Spain,7,4,807.04,Repeat Active
15533,United Kingdom,11,3,807.5699999999999,Repeat Active
14499,United Kingdom,18,3,808.44,Repeat Active
15965,United Kingdom,9,4,808.87,Repeat Active
17097,Spain,2,7,810.27,Loyal Active
16624,United Kingdom,72,2,810.5699999999999,Repeat Active
16276,United Kingdom,168,1,810.6000000000001,Occasional At Risk
16460,United Kingdom,20,3,811.23,Repeat Active
17980,United Kingdom,157,3,811.45,Occasional At Risk
16284,United Kingdom,23,2,812.6800000000001,Repeat Active
14421,United Kingdom,49,2,813.11,Repeat Active
16621,United Kingdom,43,4,813.48,Repeat Active
18064,United Kingdom,125,2,814.0,Occasional At Risk
13811,Germany,175,3,814.5,Occasional At Risk
15649,United Kingdom,328,2,816.0,Hibernating
16943,United Kingdom,203,3,816.73,Hibernating
16869,United Kingdom,14,4,817.12,Repeat Active
16092,United Kingdom,106,3,817.86,Occasional At Risk
13220,United Kingdom,70,4,819.2900000000001,Repeat Active
17759,United Kingdom,9,3,819.96,Repeat Active
17921,United Kingdom,56,4,820.23,Repeat Active
13893,United Kingdom,289,1,821.1,Hibernating
12778,Netherlands,11,6,822.23,Loyal Active
16164,United Kingdom,9,3,822.48,Repeat Active
12724,France,73,3,823.1700000000001,Repeat Active
14446,United Kingdom,20,3,823.52,Repeat Active
15164,United Kingdom,60,3,824.58,Repeat Active
12427,Germany,13,3,825.8,Repeat Active
16494,United Kingdom,288,1,826.53,Hibernating
12781,Czech Republic,55,2,826.74,Repeat Active
12461,Switzerland,86,2,826.88,Repeat Active
13681,United Kingdom,9,4,827.83,Repeat Active
16924,United Kingdom,13,3,829.89,Repeat Active
14644,United Kingdom,59,2,830.76,Repeat Active
14289,United Kingdom,126,5,832.7800000000001,High-Value At Risk
16644,United Kingdom,169,2,833.78,Occasional At Risk
17075,United Kingdom,9,4,834.12,Repeat Active
13835,United Kingdom,17,4,834.5699999999999,Repeat Active
17169,United Kingdom,49,2,835.78,Repeat Active
16747,United Kingdom,29,2,836.06,Repeat Active
12728,France,63,4,836.33,Repeat Active
15832,United Kingdom,246,1,836.79,Hibernating
16554,United Kingdom,34,3,837.1,Repeat Active
13940,United Kingdom,9,4,839.14,Repeat Active
14332,United Kingdom,14,3,840.21,Repeat Active
17076,United Kingdom,28,3,841.0799999999999,Repeat Active
14862,United Kingdom,17,2,841.2,Repeat Active
16560,United Kingdom,18,2,841.4100000000001,Repeat Active
16108,United Kingdom,76,1,842.5,New / One-time Recent
13929,United Kingdom,161,2,842.6500000000001,Occasional At Risk
17929,United Kingdom,3,4,843.0,Repeat Active
17624,United Kingdom,6,2,843.48,Repeat Active
12847,United Kingdom,14,1,843.64,New / One-time Recent
14803,United Kingdom,154,3,845.55,Occasional At Risk
16877,United Kingdom,4,6,846.62,Loyal Active
13221,United Kingdom,232,2,847.4100000000001,Hibernating
16347,United Kingdom,3,2,847.45,Repeat Active
14657,United Kingdom,9,4,848.22,Repeat Active
18096,United Kingdom,3,3,849.06,Repeat Active
16020,United Kingdom,8,3,851.01,Repeat Active
16070,United Kingdom,14,2,852.1500000000001,Repeat Active
12379,Belgium,73,2,852.24,Repeat Active
15022,United Kingdom,3,4,852.39,Repeat Active
13991,United Kingdom,4,6,852.88,Loyal Active
14193,United Kingdom,59,2,853.3900000000001,Repeat Active
16121,United Kingdom,49,2,854.6600000000001,Repeat Active
17560,United Kingdom,86,4,854.95,Repeat Active
12878,United Kingdom,228,2,854.99,Hibernating
16037,United Kingdom,261,3,855.02,Hibernating
17064,United Kingdom,50,3,855.45,Repeat Active
12693,Germany,119,4,855.9100000000001,Occasional At Risk
16163,United Kingdom,224,2,856.6000000000001,Hibernating
13566,United Kingdom,32,2,856.8400000000001,Repeat Active
12912,United Kingdom,6,3,858.0600000000001,Repeat Active
14553,United Kingdom,11,5,859.27,Loyal Active
14577,United Kingdom,4,4,859.71,Repeat Active
13339,United Kingdom,192,1,860.12,Hibernating
12794,Portugal,45,2,860.41,Repeat Active
16221,United Kingdom,28,3,860.86,Repeat Active
18237,United Kingdom,57,4,861.3499999999999,Repeat Active
16266,United Kingdom,65,7,861.89,Loyal Active
16376,United Kingdom,9,1,862.2,New / One-time Recent
13846,United Kingdom,16,3,865.06,Repeat Active
15500,United Kingdom,10,3,865.3000000000001,Repeat Active
16567,United Kingdom,186,2,865.5999999999999,Hibernating
13956,United Kingdom,46,4,865.72,Repeat Active
14597,United Kingdom,3,2,866.24,Repeat Active
16235,United Kingdom,32,5,867.31,Loyal Active
14715,United Kingdom,16,4,867.38,Repeat Active
14912,Italy,8,2,867.8499999999999,Repeat Active
17649,United Kingdom,130,1,868.49,Occasional At Risk
17886,United Kingdom,23,3,869.28,Repeat Active
13203,United Kingdom,1,4,869.46,Repeat Active
12694,France,62,2,869.6700000000001,Repeat Active
13979,United Kingdom,65,1,869.87,New / One-time Recent
13200,United Kingdom,11,4,870.09,Repeat Active
14759,United Kingdom,104,2,870.85,Occasional At Risk
17526,United Kingdom,282,3,872.8,Hibernating
13294,United Kingdom,181,2,873.74,Hibernating
16657,United Kingdom,1,4,874.4300000000001,Repeat Active
15100,United Kingdom,325,3,876.0,Hibernating
14770,United Kingdom,224,2,876.42,Hibernating
15653,United Kingdom,84,2,877.4399999999999,Repeat Active
17027,United Kingdom,70,6,877.5600000000001,Loyal Active
15076,United Kingdom,164,1,880.85,Occasional At Risk
13037,United Kingdom,130,3,881.07,Occasional At Risk
13662,United Kingdom,77,3,881.26,Repeat Active
17109,United Kingdom,21,6,881.29,Loyal Active
13509,United Kingdom,44,6,881.62,Loyal Active
18236,United Kingdom,21,6,882.24,Loyal Active
17405,United Kingdom,64,2,883.01,Repeat Active
15799,United Kingdom,67,3,884.14,Repeat Active
17704,United Kingdom,160,2,885.19,Occasional At Risk
14449,United Kingdom,10,4,885.8,Repeat Active
17350,United Kingdom,37,2,886.34,Repeat Active
14623,United Kingdom,24,5,886.7,Loyal Active
16900,United Kingdom,8,3,887.11,Repeat Active
17537,United Kingdom,21,2,887.6700000000001,Repeat Active
17829,United Arab Emirates,290,1,889.24,Hibernating
14344,United Kingdom,119,8,889.9300000000001,High-Value At Risk
17007,United Kingdom,42,6,889.9300000000001,Loyal Active
14240,United Kingdom,22,2,890.34,Repeat Active
15434,United Kingdom,23,4,890.58,Repeat Active
15255,United Kingdom,58,1,890.85,New / One-time Recent
13515,United Kingdom,64,4,891.12,Repeat Active
16361,United Kingdom,1,4,891.21,Repeat Active
12772,Portugal,51,1,892.47,New / One-time Recent
15066,United Kingdom,45,1,893.59,New / One-time Recent
15211,United Kingdom,52,2,894.4100000000001,Repeat Active
15865,United Kingdom,32,3,895.1300000000001,Repeat Active
14649,United Kingdom,64,3,895.1800000000001,Repeat Active
15079,United Kingdom,204,4,895.61,Hibernating
14625,United Kingdom,188,2,899.63,Hibernating
12940,United Kingdom,46,2,899.6899999999999,Repeat Active
15511,United Kingdom,3,5,900.53,Loyal Active
17848,United Kingdom,73,9,901.1999999999999,Loyal Active
16716,United Kingdom,258,2,901.2,Hibernating
15807,United Kingdom,42,3,903.9000000000001,Repeat Active
15480,Malta,108,1,905.5,Occasional At Risk
17323,United Kingdom,7,7,906.52,Loyal Active
13038,United Kingdom,72,3,908.46,Repeat Active
13782,United Kingdom,4,6,908.86,Loyal Active
13689,United Kingdom,55,1,910.0,New / One-time Recent
13192,United Kingdom,87,2,911.94,Repeat Active
14359,United Kingdom,11,3,912.18,Repeat Active
17522,United Kingdom,130,4,912.25,Occasional At Risk
15364,United Kingdom,87,2,913.19,Repeat Active
15587,United Kingdom,42,4,913.68,Repeat Active
16809,United Kingdom,15,5,914.69,Loyal Active
16216,United Kingdom,259,1,914.9300000000001,Hibernating
17042,United Kingdom,113,4,915.02,Occasional At Risk
17236,United Kingdom,4,6,916.13,Loyal Active
15707,United Kingdom,27,4,916.98,Repeat Active
14712,United Kingdom,21,3,917.07,Repeat Active
16682,United Kingdom,49,4,917.14,Repeat Active
14015,United Kingdom,44,1,917.34,New / One-time Recent
13549,United Kingdom,17,7,918.2,Loyal Active
15253,United Kingdom,8,5,918.2,Loyal Active
16511,United Kingdom,13,3,918.33,Repeat Active
13075,United Kingdom,121,1,919.61,Occasional At Risk
12652,France,323,1,919.98,Hibernating
17018,United Kingdom,32,2,920.1,Repeat Active
13984,United Kingdom,18,5,920.51,Loyal Active
15576,United Kingdom,29,1,921.37,New / One-time Recent
14081,United Kingdom,294,2,921.62,Hibernating
13035,United Kingdom,65,2,921.88,Repeat Active
13934,United Kingdom,255,1,922.1,Hibernating
16551,United Kingdom,87,3,922.12,Repeat Active
13122,United Kingdom,86,2,922.39,Repeat Active
15654,United Kingdom,1,2,922.53,Repeat Active
13805,United Kingdom,44,2,924.6,Repeat Active
15312,United Kingdom,67,4,924.85,Repeat Active
17048,United Kingdom,109,3,925.35,Occasional At Risk
14231,United Kingdom,175,3,925.71,Occasional At Risk
14475,United Kingdom,63,3,925.85,Repeat Active
13860,United Kingdom,6,4,926.45,Repeat Active
16907,United Kingdom,21,5,928.76,Loyal Active
17552,United Kingdom,52,4,930.41,Repeat Active
17289,United Kingdom,23,3,931.02,Repeat Active
16934,United Kingdom,46,2,931.0300000000001,Repeat Active
18133,United Kingdom,204,1,931.4999999999999,Hibernating
14532,United Kingdom,228,4,932.85,Hibernating
13655,United Kingdom,106,2,932.97,Occasional At Risk
15787,United Kingdom,18,3,933.26,Repeat Active
12924,United Kingdom,80,4,933.7,Repeat Active
16027,United Kingdom,83,6,934.62,Loyal Active
16584,United Kingdom,72,2,936.08,Repeat Active
17227,United Kingdom,10,6,939.32,Loyal Active
17527,United Kingdom,45,4,939.37,Repeat Active
15289,United Kingdom,21,3,939.78,Repeat Active
13261,United Kingdom,260,2,944.1,Hibernating
15747,United Kingdom,4,3,946.64,Repeat Active
12458,Switzerland,63,2,947.4000000000001,Repeat Active
13748,United Kingdom,87,5,948.25,Loyal Active
17044,United Kingdom,17,1,948.48,New / One-time Recent
12822,United Kingdom,62,2,948.88,Repeat Active
13636,United Kingdom,28,5,949.12,Loyal Active
15421,United Kingdom,50,4,950.36,Repeat Active
14540,United Kingdom,1,3,952.66,Repeat Active
15835,United Kingdom,36,4,954.09,Repeat Active
17244,United Kingdom,45,1,954.9,New / One-time Recent
14047,United Kingdom,65,4,957.46,Repeat Active
12697,Sweden,20,3,957.5899999999999,Repeat Active
13823,United Kingdom,10,2,957.66,Repeat Active
18192,United Kingdom,63,1,957.97,New / One-time Recent
16419,United Kingdom,104,6,958.71,High-Value At Risk
14006,United Kingdom,107,3,962.19,Occasional At Risk
13138,United Kingdom,14,6,962.39,Loyal Active
12550,Spain,71,1,964.83,New / One-time Recent
15860,United Kingdom,32,8,965.1600000000001,Loyal Active
15793,United Kingdom,6,3,965.61,Repeat Active
14256,United Kingdom,252,2,969.06,Hibernating
16899,United Kingdom,11,5,969.43,Loyal Active
14129,United Kingdom,9,4,971.2800000000001,Repeat Active
17100,United Kingdom,10,2,971.74,Repeat Active
13155,United Kingdom,25,4,971.76,Repeat Active
15506,United Kingdom,14,3,972.0799999999999,Repeat Active
16009,United Kingdom,14,4,972.11,Repeat Active
18194,United Kingdom,74,1,973.8399999999999,New / One-time Recent
15449,United Kingdom,18,3,974.52,Repeat Active
14522,United Kingdom,16,4,974.54,Repeat Active
14920,United Kingdom,204,2,977.77,Hibernating
15132,United Kingdom,10,5,977.9300000000001,Loyal Active
13350,United Kingdom,8,2,979.1200000000001,Repeat Active
18170,United Kingdom,25,3,980.31,Repeat Active
12541,Spain,21,3,981.1800000000001,Repeat Active
16085,United Kingdom,15,5,981.51,Loyal Active
16188,United Kingdom,36,4,981.86,Repeat Active
15071,United Kingdom,85,2,982.0699999999999,Repeat Active
15133,United Kingdom,119,3,982.42,Occasional At Risk
12510,Spain,134,2,982.5699999999999,Occasional At Risk
13117,United Kingdom,13,8,984.91,Loyal Active
17324,United Kingdom,9,4,986.48,Repeat Active
14102,United Kingdom,3,4,987.38,Repeat Active
15062,United Kingdom,63,4,987.86,Repeat Active
17126,United Kingdom,144,5,989.4499999999999,High-Value At Risk
14514,United Kingdom,53,4,990.2,Repeat Active
16232,United Kingdom,35,4,990.88,Repeat Active
14223,United Kingdom,84,3,991.13,Repeat Active
13363,United Kingdom,9,2,992.5,Repeat Active
17594,United Kingdom,77,2,993.18,Repeat Active
15104,United Kingdom,188,2,993.54,Hibernating
15110,United Kingdom,15,4,996.1,Repeat Active
12722,France,77,4,997.6300000000001,Repeat Active
15898,United Kingdom,218,4,997.94,Hibernating
13882,United Kingdom,3,4,998.05,Repeat Active
18143,United Kingdom,108,2,1000.1600000000001,Occasional At Risk
15508,United Kingdom,181,6,1000.27,High-Value Lapsed
12545,Spain,67,2,1000.39,Repeat Active
12446,RSA,49,1,1002.3100000000001,New / One-time Recent
12364,Belgium,32,3,1002.78,Repeat Active
13410,United Kingdom,16,5,1003.06,Loyal Active
14214,United Kingdom,22,5,1004.38,Loyal Active
13867,United Kingdom,23,3,1005.09,Repeat Active
13429,United Kingdom,2,4,1006.8000000000001,Repeat Active
14631,United Kingdom,42,3,1006.98,Repeat Active
17646,United Kingdom,211,3,1008.3900000000001,Hibernating
17951,United Kingdom,31,3,1008.5400000000001,Repeat Active
16174,United Kingdom,118,3,1009.55,Occasional At Risk
16572,United Kingdom,119,3,1009.5999999999999,Occasional At Risk
14224,United Kingdom,102,4,1009.73,Occasional At Risk
13032,United Kingdom,44,2,1010.1800000000001,Repeat Active
12849,United Kingdom,23,2,1010.29,Repeat Active
16229,United Kingdom,79,2,1010.5999999999999,Repeat Active
14775,United Kingdom,50,3,1011.9,Repeat Active
14195,United Kingdom,193,2,1012.0,Hibernating
17197,United Kingdom,21,1,1013.01,New / One-time Recent
12739,United Arab Emirates,70,2,1013.04,Repeat Active
12642,Germany,17,3,1013.26,Repeat Active
13728,United Kingdom,28,6,1016.14,Loyal Active
12514,Italy,259,1,1017.68,Hibernating
18142,United Kingdom,149,2,1019.52,Occasional At Risk
13376,United Kingdom,91,3,1019.76,Occasional At Risk
13165,United Kingdom,38,2,1021.48,Repeat Active
14346,United Kingdom,112,2,1021.5799999999999,Occasional At Risk
17096,United Kingdom,7,4,1022.13,Repeat Active
14428,United Kingdom,28,4,1022.2,Repeat Active
17676,United Kingdom,50,5,1023.58,Loyal Active
15658,United Kingdom,182,5,1024.1,High-Value Lapsed
16160,United Kingdom,57,2,1025.44,Repeat Active
16980,United Kingdom,247,2,1028.46,Hibernating
15333,United Kingdom,200,1,1028.56,Hibernating
15136,United Kingdom,14,2,1029.8,Repeat Active
17033,United Kingdom,78,3,1030.1399999999999,Repeat Active
13253,United Kingdom,148,2,1030.3999999999999,Occasional At Risk
12717,Greece,143,2,1030.98,Occasional At Risk
13235,United Kingdom,204,1,1031.07,Hibernating
12599,France,21,7,1032.58,Loyal Active
15996,United Kingdom,80,6,1032.58,Loyal Active
17724,United Kingdom,63,3,1033.0,Repeat Active
14584,United Kingdom,161,4,1033.06,Occasional At Risk
13639,United Kingdom,66,1,1033.34,New / One-time Recent
16260,United Kingdom,42,1,1035.45,New / One-time Recent
12691,France,20,6,1035.8,Loyal Active
15145,United Kingdom,35,3,1036.37,Repeat Active
16175,United Kingdom,86,4,1037.59,Repeat Active
14465,United Kingdom,238,3,1038.44,Hibernating
16320,Unspecified,164,2,1038.46,Occasional At Risk
12526,Germany,45,2,1039.58,Repeat Active
14418,United Kingdom,17,2,1039.9,Repeat Active
18221,United Kingdom,14,5,1041.6100000000001,Loyal Active
13719,United Kingdom,7,5,1041.68,Loyal Active
12497,Germany,73,1,1043.1,New / One-time Recent
15073,United Kingdom,1,3,1043.41,Repeat Active
14389,United Kingdom,57,2,1043.46,Repeat Active
15192,United Kingdom,111,3,1044.32,Occasional At Risk
15464,United Kingdom,330,1,1044.65,Hibernating
15621,United Kingdom,3,2,1044.96,Repeat Active
16520,United Kingdom,178,3,1046.57,Occasional At Risk
15407,United Kingdom,25,4,1046.74,Repeat Active
15777,United Kingdom,233,4,1047.11,Hibernating
12919,United Kingdom,8,5,1047.29,Loyal Active
16728,United Kingdom,38,5,1048.28,Loyal Active
15839,United Kingdom,25,3,1048.49,Repeat Active
17287,United Kingdom,18,7,1049.06,Loyal Active
14078,United Kingdom,93,6,1049.37,High-Value At Risk
15329,United Kingdom,31,3,1049.7,Repeat Active
16416,United Kingdom,18,3,1051.4,Repeat Active
14419,United Kingdom,2,6,1051.79,Loyal Active
16539,United Kingdom,211,3,1053.61,Hibernating
15977,United Kingdom,9,2,1054.73,Repeat Active
13455,United Kingdom,16,2,1058.3400000000001,Repeat Active
17214,United Kingdom,52,6,1059.1200000000001,Loyal Active
14931,Channel Islands,14,4,1059.28,Repeat Active
18130,United Kingdom,7,3,1059.3899999999999,Repeat Active
17727,United Kingdom,7,1,1060.25,New / One-time Recent
15706,United Kingdom,55,4,1060.56,Repeat Active
16214,United Kingdom,162,3,1062.75,Occasional At Risk
14411,United Kingdom,302,1,1063.0,Hibernating
12815,Poland,139,2,1063.46,Occasional At Risk
12936,United Kingdom,9,4,1063.9,Repeat Active
15801,United Kingdom,38,3,1063.95,Repeat Active
14488,United Kingdom,59,1,1064.28,New / One-time Recent
14698,United Kingdom,7,4,1065.0900000000001,Repeat Active
17277,United Kingdom,219,2,1065.35,Hibernating
13743,United Kingdom,80,6,1065.84,Loyal Active
15027,United Kingdom,22,4,1066.1499999999999,Repeat Active
15436,United Kingdom,4,3,1067.75,Repeat Active
16918,United Kingdom,41,6,1068.8200000000002,Loyal Active
15123,United Kingdom,198,1,1069.47,Hibernating
14212,United Kingdom,81,1,1070.48,New / One-time Recent
13761,United Kingdom,42,2,1070.65,Repeat Active
13635,United Kingdom,59,1,1071.03,New / One-time Recent
17041,United Kingdom,18,3,1071.49,Repeat Active
17412,United Kingdom,15,6,1071.66,Loyal Active
13467,United Kingdom,2,2,1071.9099999999999,Repeat Active
15238,United Kingdom,21,3,1071.99,Repeat Active
15712,United Kingdom,1,5,1072.3600000000001,Loyal Active
13131,United Kingdom,15,3,1073.3,Repeat Active
16049,United Kingdom,32,3,1074.81,Repeat Active
13715,United Kingdom,273,5,1077.39,High-Value Lapsed
16563,United Kingdom,45,1,1077.74,New / One-time Recent
16094,United Kingdom,3,4,1078.23,Repeat Active
14352,United Kingdom,149,4,1078.96,Occasional At Risk
12354,Spain,224,1,1079.4,Hibernating
15197,United Kingdom,2,3,1079.6100000000001,Repeat Active
13726,United Kingdom,30,2,1079.66,Repeat Active
13744,United Kingdom,87,2,1080.52,Repeat Active
14561,United Kingdom,67,3,1080.76,Repeat Active
14737,United Kingdom,120,2,1081.75,Occasional At Risk
13610,United Kingdom,4,7,1082.33,Loyal Active
16533,United Kingdom,11,3,1082.81,Repeat Active
17481,United Kingdom,7,3,1083.19,Repeat Active
15763,United Kingdom,23,2,1086.92,Repeat Active
12534,Germany,122,1,1089.18,Occasional At Risk
16929,United Kingdom,9,6,1089.45,Loyal Active
12952,United Kingdom,35,3,1090.06,Repeat Active
13853,United Kingdom,49,1,1090.14,New / One-time Recent
18189,United Kingdom,69,2,1090.24,Repeat Active
16989,United Kingdom,7,5,1093.65,Loyal Active
15608,United Kingdom,20,4,1093.68,Repeat Active
15745,United Kingdom,11,4,1094.5900000000001,Repeat Active
13652,United Kingdom,37,3,1095.08,Repeat Active
13211,United Kingdom,2,3,1095.42,Repeat Active
15910,United Kingdom,7,7,1095.53,Loyal Active
16225,United Kingdom,36,5,1096.3200000000002,Loyal Active
16794,United Kingdom,2,9,1097.09,Loyal Active
14161,United Kingdom,207,3,1097.62,Hibernating
14971,United Kingdom,27,3,1097.98,Repeat Active
17966,United Kingdom,29,5,1098.43,Loyal Active
15978,United Kingdom,69,1,1098.78,New / One-time Recent
14744,United Kingdom,8,7,1099.98,Loyal Active
14410,United Kingdom,84,9,1100.27,Loyal Active
17047,United Kingdom,77,3,1100.9,Repeat Active
15716,United Kingdom,137,4,1101.11,Occasional At Risk
14948,United Kingdom,15,6,1101.97,Loyal Active
13064,United Kingdom,4,4,1105.59,Repeat Active
17609,United Kingdom,32,5,1105.78,Loyal Active
12857,United Kingdom,202,2,1106.4,Hibernating
15933,United Kingdom,13,3,1107.46,Repeat Active
12399,Belgium,111,4,1108.65,Occasional At Risk
15069,United Kingdom,171,1,1109.53,Occasional At Risk
14817,United Kingdom,192,2,1110.34,Hibernating
12679,France,50,4,1113.02,Repeat Active
14794,United Kingdom,1,6,1115.05,Loyal Active
16688,United Kingdom,2,3,1115.1599999999999,Repeat Active
16350,United Kingdom,13,4,1116.47,Repeat Active
17585,United Kingdom,101,4,1116.68,Occasional At Risk
15602,United Kingdom,14,8,1117.03,Loyal Active
13591,United Kingdom,56,3,1117.1299999999999,Repeat Active
17788,United Kingdom,65,2,1117.9,Repeat Active
17894,United Kingdom,63,8,1118.96,Loyal Active
12842,United Kingdom,62,2,1118.99,Repeat Active
14276,United Kingdom,90,3,1119.74,Repeat Active
15730,United Kingdom,57,3,1120.88,Repeat Active
16086,United Kingdom,51,5,1121.3899999999999,Loyal Active
16807,United Kingdom,134,3,1121.5900000000001,Occasional At Risk
14723,United Kingdom,2,6,1122.3600000000001,Loyal Active
17562,United Kingdom,6,7,1122.38,Loyal Active
13486,United Kingdom,70,3,1122.4099999999999,Repeat Active
13772,United Kingdom,25,3,1122.63,Repeat Active
17470,United Kingdom,36,5,1125.07,Loyal Active
12609,Germany,70,3,1126.85,Repeat Active
14824,United Kingdom,2,4,1127.71,Repeat Active
16714,United Kingdom,210,3,1129.06,Hibernating
13447,United Kingdom,15,3,1129.14,Repeat Active
18125,United Kingdom,21,4,1131.75,Repeat Active
13310,United Kingdom,20,3,1132.03,Repeat Active
13282,United Kingdom,10,3,1132.14,Repeat Active
15489,United Kingdom,14,3,1134.28,Repeat Active
17242,United Kingdom,100,2,1135.04,Occasional At Risk
17302,United Kingdom,6,5,1135.63,Loyal Active
17500,United Kingdom,9,3,1138.0,Repeat Active
17135,United Kingdom,8,7,1139.73,Loyal Active
16172,United Kingdom,87,5,1140.21,Loyal Active
13819,United Kingdom,293,3,1140.35,Hibernating
13330,United Kingdom,84,3,1140.9299999999998,Repeat Active
16270,United Kingdom,345,1,1141.24,Hibernating
15985,United Kingdom,115,2,1142.42,Occasional At Risk
17856,United Kingdom,225,3,1142.63,Hibernating
17770,United Kingdom,190,5,1143.27,High-Value Lapsed
12769,Brazil,230,1,1143.6,Hibernating
16766,United Kingdom,265,2,1145.6,Hibernating
17505,United Kingdom,153,2,1145.8400000000001,Occasional At Risk
13159,United Kingdom,42,3,1146.79,Repeat Active
17590,United Kingdom,9,2,1147.0900000000001,Repeat Active
12710,Germany,88,3,1149.02,Repeat Active
16062,United Kingdom,1,4,1153.6200000000001,Repeat Active
13611,United Kingdom,81,3,1154.4,Repeat Active
16637,United Kingdom,24,4,1154.47,Repeat Active
17348,United Kingdom,6,5,1156.6,Loyal Active
17867,United Kingdom,22,6,1157.8700000000001,Loyal Active
16184,United Kingdom,56,6,1158.79,Loyal Active
13499,United Kingdom,9,5,1159.1100000000001,Loyal Active
18168,United Kingdom,168,6,1160.04,High-Value At Risk
15088,United Kingdom,13,2,1160.0700000000002,Repeat Active
12546,Spain,38,2,1161.5,Repeat Active
16800,United Kingdom,3,1,1162.65,New / One-time Recent
14447,United Kingdom,10,5,1163.23,Loyal Active
14261,United Kingdom,42,2,1163.45,Repeat Active
14487,United Kingdom,18,6,1165.48,Loyal Active
13500,United Kingdom,15,3,1166.77,Repeat Active
14857,United Kingdom,51,2,1173.12,Repeat Active
15306,United Kingdom,56,3,1174.35,Repeat Active
12640,France,15,3,1174.5800000000002,Repeat Active
12885,United Kingdom,55,3,1175.22,Repeat Active
13752,United Kingdom,116,6,1175.38,High-Value At Risk
14719,United Kingdom,2,4,1175.42,Repeat Active
16042,United Kingdom,14,5,1177.47,Loyal Active
16950,United Kingdom,48,3,1178.56,Repeat Active
17058,United Kingdom,73,3,1179.89,Repeat Active
14178,United Kingdom,20,6,1181.79,Loyal Active
16496,United Kingdom,199,2,1185.04,Hibernating
15630,United Kingdom,37,2,1186.35,Repeat Active
17800,United Kingdom,29,9,1187.21,Loyal Active
16612,United Kingdom,24,4,1187.66,Repeat Active
15737,United Kingdom,6,8,1188.12,Loyal Active
12462,Spain,10,2,1189.59,Repeat Active
12611,Italy,44,1,1193.32,New / One-time Recent
17720,United Kingdom,18,4,1195.94,Repeat Active
13118,United Kingdom,11,5,1197.81,Loyal Active
15605,United Kingdom,28,5,1198.23,Loyal Active
17320,United Kingdom,92,3,1200.62,Occasional At Risk
13158,United Kingdom,86,4,1201.06,Repeat Active
14684,United Kingdom,17,5,1201.51,Loyal Active
16949,United Kingdom,32,5,1204.23,Loyal Active
16762,United Kingdom,11,3,1207.24,Repeat Active
17653,United Kingdom,28,4,1207.5600000000002,Repeat Active
15701,United Kingdom,60,3,1210.06,Repeat Active
12464,Belgium,2,8,1212.05,Loyal Active
16653,United Kingdom,8,2,1212.6599999999999,Repeat Active
13918,United Kingdom,41,2,1212.84,Repeat Active
18263,United Kingdom,17,3,1213.1599999999999,Repeat Active
17774,United Kingdom,88,4,1213.73,Repeat Active
13055,United Kingdom,70,3,1214.41,Repeat Active
17410,United Kingdom,8,5,1214.72,Loyal Active
13491,United Kingdom,43,10,1215.82,Loyal Active
13208,United Kingdom,50,6,1217.65,Loyal Active
15227,United Kingdom,28,5,1219.4,Loyal Active
14745,United Kingdom,104,5,1220.26,High-Value At Risk
15004,United Kingdom,139,1,1220.77,Occasional At Risk
15376,United Kingdom,32,3,1221.56,Repeat Active
13309,United Kingdom,37,4,1221.9099999999999,Repeat Active
15841,United Kingdom,64,4,1224.06,Repeat Active
12412,Denmark,66,3,1226.88,Repeat Active
12997,United Kingdom,14,4,1226.89,Repeat Active
14913,United Kingdom,27,4,1227.43,Repeat Active
14250,United Kingdom,81,1,1228.83,New / One-time Recent
15392,United Kingdom,22,3,1231.12,Repeat Active
18171,United Kingdom,50,5,1231.31,Loyal Active
18080,United Kingdom,10,2,1231.5,Repeat Active
15453,United Kingdom,27,6,1236.49,Loyal Active
15201,United Kingdom,79,5,1236.5400000000002,Loyal Active
13931,United Kingdom,87,2,1237.5300000000002,Repeat Active
14893,United Kingdom,1,2,1237.85,Repeat Active
13476,United Kingdom,170,2,1238.47,Occasional At Risk
17731,United Kingdom,71,4,1240.1100000000001,Repeat Active
17588,United Kingdom,92,3,1240.2,Occasional At Risk
16531,United Kingdom,14,7,1244.59,Loyal Active
12494,France,7,7,1246.1000000000001,Loyal Active
13029,United Kingdom,22,3,1247.5,Repeat Active
12689,France,17,2,1247.6100000000001,Repeat Active
14383,United Kingdom,30,3,1247.69,Repeat Active
15172,United Kingdom,62,4,1247.95,Repeat Active
14216,United Kingdom,8,2,1252.74,Repeat Active
17262,United Kingdom,44,5,1253.36,Loyal Active
13848,United Kingdom,84,3,1255.0,Repeat Active
16639,United Kingdom,23,3,1257.51,Repeat Active
13151,United Kingdom,287,1,1257.8700000000001,Hibernating
17019,United Kingdom,3,4,1258.08,Repeat Active
14669,United Kingdom,233,3,1259.24,Hibernating
15009,United Kingdom,4,3,1259.43,Repeat Active
17388,United Kingdom,69,4,1259.56,Repeat Active
15497,United Kingdom,9,2,1262.2,Repeat Active
16842,United Kingdom,92,3,1264.19,Occasional At Risk
13989,United Kingdom,57,2,1266.08,Repeat Active
14105,United Kingdom,231,1,1266.23,Hibernating
17158,United Kingdom,24,3,1266.97,Repeat Active
17037,United Kingdom,79,1,1267.32,New / One-time Recent
16660,United Kingdom,8,4,1267.6499999999999,Repeat Active
15199,United Kingdom,51,4,1268.6999999999998,Repeat Active
14916,United Kingdom,62,4,1268.98,Repeat Active
13431,United Kingdom,59,2,1269.1,Repeat Active
14898,United Kingdom,15,6,1269.31,Loyal Active
13492,Switzerland,128,3,1269.8400000000001,Occasional At Risk
12630,Finland,1,2,1270.88,Repeat Active
13878,United Kingdom,46,1,1271.57,New / One-time Recent
12394,Belgium,55,2,1272.48,Repeat Active
16692,United Kingdom,248,2,1276.0,Hibernating
14608,United Kingdom,21,3,1277.6,Repeat Active
16951,United Kingdom,126,3,1277.75,Occasional At Risk
17768,United Kingdom,25,2,1279.45,Repeat Active
15494,United Kingdom,13,2,1280.5800000000002,Repeat Active
13538,United Kingdom,35,7,1280.8500000000001,Loyal Active
14071,United Kingdom,11,6,1282.99,Loyal Active
17802,United Kingdom,74,3,1285.04,Repeat Active
15171,United Kingdom,323,1,1289.5,Hibernating
14856,United Kingdom,28,3,1290.53,Repeat Active
16101,United Kingdom,62,1,1290.7,New / One-time Recent
16744,United Kingdom,3,7,1291.91,Loyal Active
16224,United Kingdom,49,4,1295.3,Repeat Active
17961,United Kingdom,13,39,1296.44,Loyal Active
12372,Denmark,63,3,1298.04,Repeat Active
16464,United Kingdom,11,3,1298.6599999999999,Repeat Active
12488,France,1,3,1298.66,Repeat Active
13168,United Kingdom,28,4,1299.5900000000001,Repeat Active
15108,European Community,133,4,1300.25,Occasional At Risk
16370,United Kingdom,74,4,1301.91,Repeat Active
15813,United Kingdom,199,2,1303.9099999999999,Hibernating
17919,United Kingdom,80,1,1304.04,New / One-time Recent
12507,Spain,126,3,1304.81,Occasional At Risk
15380,United Kingdom,38,4,1304.96,Repeat Active
14297,United Kingdom,9,4,1305.33,Repeat Active
13328,United Kingdom,308,1,1308.48,Hibernating
16120,United Kingdom,51,4,1309.14,Repeat Active
14477,United Kingdom,11,4,1309.6,Repeat Active
12516,Germany,69,2,1312.06,Repeat Active
17004,United Kingdom,38,2,1312.14,Repeat Active
16040,United Kingdom,57,3,1313.55,Repeat Active
14738,United Kingdom,34,7,1314.45,Loyal Active
14973,United Kingdom,99,3,1314.45,Occasional At Risk
14511,United Kingdom,3,5,1314.81,Loyal Active
12576,Poland,27,5,1315.83,Loyal Active
14921,United Kingdom,22,2,1316.07,Repeat Active
12854,United Kingdom,70,3,1316.25,Repeat Active
16083,United Kingdom,92,2,1317.62,Occasional At Risk
14591,United Kingdom,7,4,1320.21,Repeat Active
16110,United Kingdom,37,3,1320.95,Repeat Active
17490,United Kingdom,56,4,1321.22,Repeat Active
16910,United Kingdom,1,7,1323.26,Loyal Active
17095,United Kingdom,14,3,1324.16,Repeat Active
17633,United Kingdom,23,4,1324.8400000000001,Repeat Active
16016,United Kingdom,7,7,1324.91,Loyal Active
15146,United Kingdom,156,2,1327.16,Occasional At Risk
16426,United Kingdom,13,7,1327.44,Loyal Active
13232,United Kingdom,4,7,1328.35,Loyal Active
16295,United Kingdom,1,4,1328.55,Repeat Active
15237,United Kingdom,70,3,1328.72,Repeat Active
16283,United Kingdom,60,4,1330.1399999999999,Repeat Active
12676,Sweden,16,6,1331.39,Loyal Active
17932,United Kingdom,21,3,1331.57,Repeat Active
12826,United Kingdom,21,6,1332.12,Loyal Active
15680,United Kingdom,1,3,1333.68,Repeat Active
14064,United Kingdom,21,5,1334.34,Loyal Active
17372,United Kingdom,32,8,1337.18,Loyal Active
15059,United Kingdom,32,9,1337.72,Loyal Active
12620,France,6,3,1339.4099999999999,Repeat Active
15734,United Kingdom,106,2,1339.4500000000003,Occasional At Risk
13501,Switzerland,280,1,1340.32,Hibernating
16045,United Kingdom,111,4,1340.7,Occasional At Risk
18177,United Kingdom,23,6,1340.8700000000001,Loyal Active
16317,United Kingdom,111,3,1341.65,Occasional At Risk
12463,Belgium,45,4,1344.78,Repeat Active
15398,United Kingdom,8,2,1345.5300000000002,Repeat Active
14154,United Kingdom,231,2,1345.62,Hibernating
16669,United Kingdom,15,3,1348.88,Repeat Active
15411,United Kingdom,18,4,1348.93,Repeat Active
12770,Japan,202,1,1351.45,Hibernating
16493,United Kingdom,71,4,1351.63,Repeat Active
16079,United Kingdom,8,3,1352.0,Repeat Active
15116,United Kingdom,9,4,1352.75,Repeat Active
14859,United Kingdom,4,4,1353.74,Repeat Active
16201,United Kingdom,13,3,1354.07,Repeat Active
16711,United Kingdom,18,4,1355.43,Repeat Active
17054,United Kingdom,20,5,1356.33,Loyal Active
16726,United Kingdom,18,5,1358.74,Loyal Active
13396,United Kingdom,21,2,1360.99,Repeat Active
16790,United Kingdom,8,5,1366.1200000000001,Loyal Active
13813,Germany,31,4,1366.8600000000001,Repeat Active
13890,United Kingdom,14,7,1367.61,Loyal Active
14507,United Kingdom,15,6,1367.88,Loyal Active
14113,United Kingdom,14,3,1368.52,Repeat Active
18122,United Kingdom,14,5,1368.7,Loyal Active
14673,United Kingdom,1,4,1369.63,Repeat Active
15095,United Kingdom,95,4,1370.6,Occasional At Risk
14434,United Kingdom,13,6,1372.8,Loyal Active
15569,United Kingdom,95,5,1375.71,High-Value At Risk
12886,United Kingdom,59,2,1378.4,Repeat Active
17621,United Kingdom,13,3,1379.9,Repeat Active
16389,United Kingdom,45,4,1382.07,Repeat Active
14116,United Kingdom,11,5,1382.74,Loyal Active
15051,United Kingdom,15,3,1383.36,Repeat Active
13572,United Kingdom,197,1,1384.25,Hibernating
17311,United Kingdom,70,2,1384.85,Repeat Active
18167,United Kingdom,15,3,1384.8600000000001,Repeat Active
13308,United Kingdom,14,3,1385.51,Repeat Active
12775,Netherlands,9,5,1386.04,Loyal Active
16817,United Kingdom,24,8,1387.42,Loyal Active
15134,United Kingdom,6,8,1387.99,Loyal Active
13516,United Kingdom,13,3,1389.41,Repeat Active
16271,United Kingdom,7,4,1389.64,Repeat Active
13414,United Kingdom,125,3,1390.5,Occasional At Risk
15810,United Kingdom,70,4,1391.98,Repeat Active
17354,United Kingdom,42,1,1393.06,New / One-time Recent
16987,United Kingdom,34,6,1393.1200000000001,Loyal Active
13995,United Kingdom,7,5,1393.69,Loyal Active
17131,United Kingdom,25,4,1395.84,Repeat Active
18202,United Kingdom,191,3,1396.99,Hibernating
15478,United Kingdom,32,2,1399.92,Repeat Active
14741,United Kingdom,3,6,1400.3400000000001,Loyal Active
15563,United Kingdom,14,4,1400.44,Repeat Active
18116,United Kingdom,59,8,1403.1100000000001,Loyal Active
15426,United Kingdom,11,5,1404.07,Loyal Active
17083,United Kingdom,101,3,1405.78,Occasional At Risk
15596,United Kingdom,92,5,1406.59,High-Value At Risk
14441,United Kingdom,35,3,1407.19,Repeat Active
15444,United Kingdom,1,2,1411.21,Repeat Active
16103,United Kingdom,71,5,1413.14,Loyal Active
16245,United Kingdom,15,3,1413.66,Repeat Active
16012,United Kingdom,27,3,1415.29,Repeat Active
16348,United Kingdom,24,7,1415.65,Loyal Active
14748,United Kingdom,21,5,1415.75,Loyal Active
17288,United Kingdom,1,7,1417.6299999999999,Loyal Active
16173,United Kingdom,7,6,1418.32,Loyal Active
14443,United Kingdom,45,4,1420.2,Repeat Active
14901,United Kingdom,3,9,1421.29,Loyal Active
14019,United Kingdom,38,3,1421.61,Repeat Active
16571,United Kingdom,18,3,1421.69,Repeat Active
16463,United Kingdom,13,4,1422.4,Repeat Active
15106,United Kingdom,9,5,1422.52,Loyal Active
17571,United Kingdom,42,4,1425.67,Repeat Active
15681,United Kingdom,17,5,1426.16,Loyal Active
17451,United Kingdom,7,6,1427.22,Loyal Active
15858,United Kingdom,7,5,1427.5700000000002,Loyal Active
14035,United Kingdom,20,5,1428.02,Loyal Active
15427,United Kingdom,25,3,1430.54,Repeat Active
13475,United Kingdom,183,4,1431.78,Hibernating
16503,United Kingdom,98,4,1431.93,Occasional At Risk
14566,Channel Islands,102,1,1432.0,Occasional At Risk
15987,United Kingdom,4,7,1432.77,Loyal Active
12877,United Kingdom,16,11,1436.1100000000001,Loyal Active
12560,Germany,104,2,1436.31,Occasional At Risk
17175,United Kingdom,36,4,1443.69,Repeat Active
13461,United Kingdom,30,3,1445.0,Repeat Active
13717,United Kingdom,24,6,1445.01,Loyal Active
17073,United Kingdom,9,4,1446.0900000000001,Repeat Active
14740,United Kingdom,189,3,1448.21,Hibernating
14404,United Kingdom,25,6,1449.32,Loyal Active
13510,United Kingdom,37,3,1449.7,Repeat Active
16059,United Kingdom,57,6,1453.16,Loyal Active
14541,United Kingdom,50,8,1453.3500000000001,Loyal Active
13477,United Kingdom,29,6,1454.58,Loyal Active
16996,United Kingdom,22,6,1456.96,Loyal Active
17063,United Kingdom,13,7,1461.14,Loyal Active
14233,United Kingdom,41,4,1462.72,Repeat Active
12882,United Kingdom,1,2,1463.04,Repeat Active
15983,United Kingdom,14,4,1465.1200000000001,Repeat Active
14875,United Kingdom,99,2,1465.32,Occasional At Risk
15128,United Kingdom,52,4,1471.0,Repeat Active
14963,United Kingdom,1,5,1472.34,Loyal Active
17754,United Kingdom,29,4,1473.02,Repeat Active
14246,United Kingdom,102,3,1474.06,Occasional At Risk
17629,United Kingdom,10,7,1474.67,Loyal Active
16755,United Kingdom,106,3,1475.43,Occasional At Risk
14403,United Kingdom,122,4,1475.81,Occasional At Risk
14878,United Kingdom,4,9,1476.09,Loyal Active
18016,United Kingdom,24,5,1477.6599999999999,Loyal Active
16395,United Kingdom,52,5,1482.06,Loyal Active
17673,United Kingdom,58,5,1482.5,Loyal Active
16169,United Kingdom,21,3,1483.95,Repeat Active
14758,United Kingdom,136,4,1484.06,Occasional At Risk
14621,United Kingdom,22,4,1485.5,Repeat Active
17553,United Kingdom,121,1,1487.6,Occasional At Risk
13692,United Kingdom,16,3,1488.32,Repeat Active
13110,United Kingdom,23,7,1488.67,Loyal Active
15057,United Kingdom,267,2,1489.5,Hibernating
16880,United Kingdom,22,7,1491.43,Loyal Active
17002,United Kingdom,77,3,1493.73,Repeat Active
14704,United Kingdom,3,9,1493.96,Loyal Active
15531,United Kingdom,22,1,1495.06,New / One-time Recent
14414,United Kingdom,83,7,1496.98,Loyal Active
15530,United Kingdom,13,4,1497.31,Repeat Active
13810,Germany,20,3,1499.01,Repeat Active
16279,United Kingdom,13,3,1502.7800000000002,Repeat Active
15916,United Kingdom,8,8,1502.8600000000001,Loyal Active
16813,United Kingdom,42,9,1503.64,Loyal Active
12937,United Kingdom,7,4,1504.27,Repeat Active
15157,United Kingdom,146,2,1505.3700000000001,Occasional At Risk
15265,United Kingdom,143,2,1506.12,Occasional At Risk
16434,United Kingdom,21,7,1511.8,Loyal Active
16053,United Kingdom,24,2,1511.95,Repeat Active
16748,United Kingdom,9,5,1515.9,Loyal Active
13791,United Kingdom,119,2,1516.0,Occasional At Risk
14267,United Kingdom,154,3,1516.24,Occasional At Risk
13808,United Kingdom,38,4,1518.5,Repeat Active
13764,United Kingdom,62,3,1519.42,Repeat Active
13213,United Kingdom,48,5,1520.5800000000002,Loyal Active
16066,United Kingdom,8,5,1521.04,Loyal Active
16244,United Kingdom,203,2,1522.75,Hibernating
14653,United Kingdom,1,7,1523.62,Loyal Active
14567,United Kingdom,48,2,1530.3600000000001,Repeat Active
14321,United Kingdom,2,5,1530.75,Loyal Active
12759,Netherlands,44,3,1531.44,Repeat Active
13107,United Kingdom,36,4,1531.6200000000001,Repeat Active
13320,United Kingdom,70,4,1532.2,Repeat Active
15214,United Kingdom,2,7,1532.68,Loyal Active
18180,United Kingdom,51,5,1533.02,Loyal Active
15625,United Kingdom,95,4,1534.2599999999998,Occasional At Risk
13924,United Kingdom,9,5,1536.45,Loyal Active
13849,United Kingdom,43,2,1537.9499999999998,Repeat Active
17159,United Kingdom,13,3,1538.88,Repeat Active
16365,United Kingdom,9,9,1540.42,Loyal Active
17837,United Kingdom,34,8,1541.23,Loyal Active
12818,Austria,253,1,1542.0800000000002,Hibernating
13397,United Kingdom,64,5,1544.13,Loyal Active
16369,United Kingdom,10,3,1545.41,Repeat Active
13471,United Kingdom,13,2,1546.4,Repeat Active
14229,United Kingdom,43,4,1547.2,Repeat Active
13634,United Kingdom,25,5,1547.3600000000001,Loyal Active
15117,United Kingdom,6,5,1551.78,Loyal Active
15620,United Kingdom,48,3,1553.1799999999998,Repeat Active
13313,United Kingdom,14,5,1555.3200000000002,Loyal Active
16394,United Kingdom,48,5,1555.3400000000001,Loyal Active
14038,United Kingdom,70,3,1560.38,Repeat Active
18239,United Kingdom,210,5,1561.6100000000001,High-Value Lapsed
17085,United Kingdom,115,5,1562.4,High-Value At Risk
13659,United Kingdom,197,2,1563.0,Hibernating
17204,United Kingdom,167,4,1564.5600000000002,Occasional At Risk
15532,United Kingdom,17,4,1564.73,Repeat Active
15111,United Kingdom,21,3,1567.48,Repeat Active
15906,United Kingdom,11,7,1567.69,Loyal Active
12865,Austria,18,2,1568.23,Repeat Active
14655,United Kingdom,14,3,1569.32,Repeat Active
17671,United Kingdom,7,4,1572.71,Repeat Active
13186,United Kingdom,31,3,1575.89,Repeat Active
16889,United Kingdom,186,3,1578.6699999999998,Hibernating
13814,Germany,84,2,1579.12,Repeat Active
12607,USA,52,1,1579.51,New / One-time Recent
14587,United Kingdom,10,9,1580.29,Loyal Active
17827,United Kingdom,234,4,1580.47,Hibernating
12393,Australia,64,4,1582.6000000000001,Repeat Active
16332,United Kingdom,20,7,1582.8,Loyal Active
13614,United Kingdom,16,4,1585.46,Repeat Active
14442,Channel Islands,196,2,1589.8200000000002,Hibernating
17086,United Kingdom,16,5,1590.22,Loyal Active
18178,United Kingdom,120,4,1590.81,Occasional At Risk
15611,United Kingdom,1,13,1591.45,Loyal Active
12963,United Kingdom,2,7,1591.98,Loyal Active
17744,United Kingdom,17,5,1592.02,Loyal Active
14970,United Kingdom,60,4,1592.06,Repeat Active
16676,United Kingdom,25,4,1592.12,Repeat Active
16801,United Kingdom,155,4,1594.23,Occasional At Risk
16358,United Kingdom,55,3,1594.3400000000001,Loyal Active
13850,United Kingdom,121,1,1595.48,High-Value At Risk
16466,United Kingdom,25,7,1595.96,Loyal Active
15660,United Kingdom,17,9,1600.8600000000001,Loyal Active
12947,United Kingdom,135,6,1603.99,High-Value At Risk
17705,United Kingdom,22,8,1605.52,Loyal Active
12868,United Kingdom,177,6,1607.0600000000002,High-Value At Risk
17750,United Kingdom,28,8,1607.21,Loyal Active
14918,United Kingdom,107,2,1610.15,High-Value At Risk
14312,United Kingdom,38,6,1611.59,Loyal Active
15791,United Kingdom,35,2,1612.69,Loyal Active
16992,United Kingdom,2,5,1614.31,Loyal Active
14336,United Kingdom,8,4,1614.91,Loyal Active
17870,United Kingdom,6,11,1616.04,Loyal Active
18161,United Kingdom,7,5,1618.69,Loyal Active
16979,United Kingdom,9,5,1620.26,Loyal Active
17101,United Kingdom,2,4,1621.73,Loyal Active
14937,Channel Islands,48,3,1621.8799999999999,Loyal Active
16515,United Kingdom,44,5,1624.14,Loyal Active
13425,United Kingdom,100,3,1624.21,High-Value At Risk
12377,Switzerland,307,2,1628.12,High-Value Lapsed
15021,United Kingdom,18,8,1629.8,Loyal Active
14164,United Kingdom,62,2,1631.77,Loyal Active
15122,United Kingdom,106,3,1633.78,High-Value At Risk
12398,Switzerland,37,1,1635.66,Loyal Active
15024,United Kingdom,1,10,1636.43,Loyal Active
13627,United Kingdom,51,5,1638.47,Loyal Active
14573,United Kingdom,171,9,1639.82,High-Value At Risk
16359,United Kingdom,57,8,1640.19,Loyal Active
15002,United Kingdom,107,4,1641.76,High-Value At Risk
12657,France,3,4,1643.18,Loyal Active
13012,United Kingdom,1,8,1646.8400000000001,Loyal Active
13750,United Kingdom,45,5,1647.26,Loyal Active
17284,United Kingdom,52,6,1647.48,Loyal Active
13647,United Kingdom,1,4,1648.1200000000001,Loyal Active
14837,United Kingdom,81,4,1649.5,Loyal Active
12423,Belgium,92,7,1650.67,High-Value At Risk
15826,United Kingdom,48,3,1654.31,Loyal Active
15953,United Kingdom,7,8,1657.28,Loyal Active
14045,United Kingdom,101,4,1659.75,High-Value At Risk
17293,United Kingdom,22,8,1659.93,Loyal Active
17861,United Kingdom,16,7,1660.1399999999999,Loyal Active
16115,United Kingdom,1,8,1660.8799999999999,Loyal Active
12967,United Kingdom,350,2,1660.9,High-Value Lapsed
15332,Lithuania,358,4,1661.06,High-Value Lapsed
12530,Germany,51,4,1662.28,Loyal Active
13184,United Kingdom,6,10,1668.95,Loyal Active
14730,United Kingdom,57,7,1669.38,Loyal Active
18245,United Kingdom,141,6,1672.81,High-Value At Risk
17656,United Kingdom,65,5,1674.69,Loyal Active
13149,United Kingdom,6,4,1676.06,Loyal Active
16638,United Kingdom,14,10,1680.72,Loyal Active
15549,United Kingdom,69,3,1681.46,Loyal Active
17282,United Kingdom,122,3,1685.46,High-Value At Risk
13577,United Kingdom,17,4,1687.6,Loyal Active
13162,United Kingdom,114,4,1688.29,High-Value At Risk
12635,Germany,81,2,1689.1799999999998,Loyal Active
17152,United Kingdom,186,3,1689.5,High-Value Lapsed
16474,United Kingdom,9,6,1689.54,Loyal Active
16775,United Kingdom,2,11,1691.51,Loyal Active
16671,United Kingdom,20,3,1692.2700000000002,Loyal Active
14245,United Kingdom,211,2,1693.45,High-Value Lapsed
16007,United Kingdom,39,4,1693.81,Loyal Active
12764,Lebanon,308,1,1693.88,High-Value Lapsed
17386,United Kingdom,91,5,1697.3400000000001,High-Value At Risk
17813,United Kingdom,6,5,1698.07,Loyal Active
12381,Norway,25,4,1698.3,Loyal Active
13824,United Kingdom,24,5,1698.94,Loyal Active
17193,United Kingdom,27,7,1699.3000000000002,Loyal Active
12843,United Kingdom,57,8,1702.26,Loyal Active
16954,United Kingdom,8,7,1703.96,Loyal Active
16791,United Kingdom,21,7,1705.78,Loyal Active
16398,United Kingdom,146,2,1705.8000000000002,High-Value At Risk
15240,United Kingdom,36,5,1706.57,Loyal Active
16902,United Kingdom,108,1,1706.88,High-Value At Risk
12407,Belgium,41,5,1708.12,Loyal Active
15947,United Kingdom,74,1,1708.24,Loyal Active
12405,Finland,140,1,1710.39,High-Value At Risk
17554,United Kingdom,8,4,1714.15,Loyal Active
17147,United Kingdom,14,4,1714.5900000000001,Loyal Active
13763,United Kingdom,55,1,1714.96,Loyal Active
17162,United Kingdom,20,10,1715.46,Loyal Active
15267,United Kingdom,14,5,1717.36,Loyal Active
12518,Germany,20,4,1717.75,Loyal Active
14834,United Kingdom,9,6,1720.3,Loyal Active
13564,United Kingdom,136,3,1724.67,High-Value At Risk
14387,United Kingdom,24,3,1727.6,Loyal Active
13126,United Kingdom,36,7,1730.2,Loyal Active
13495,United Kingdom,27,4,1732.23,Loyal Active
17043,United Kingdom,24,4,1735.18,Loyal Active
15050,United Kingdom,17,3,1737.69,Loyal Active
17457,United Kingdom,118,5,1737.6999999999998,High-Value At Risk
17353,United Kingdom,121,2,1740.0,High-Value At Risk
14440,United Kingdom,34,4,1740.43,Loyal Active
17930,United Kingdom,27,5,1740.48,Loyal Active
14595,United Kingdom,11,6,1740.6,Loyal Active
13157,United Kingdom,41,4,1741.22,Loyal Active
16380,United Kingdom,53,1,1743.15,Loyal Active
15950,United Kingdom,23,4,1744.71,Loyal Active
15067,United Kingdom,70,3,1744.7599999999998,Loyal Active
17090,United Kingdom,44,6,1750.6100000000001,Loyal Active
16379,United Kingdom,10,3,1755.76,Loyal Active
15241,United Kingdom,58,8,1756.44,Loyal Active
12349,Italy,10,1,1757.55,Loyal Active
12823,United Kingdom,66,5,1759.5,Loyal Active
12424,Australia,154,2,1760.96,High-Value At Risk
16751,United Kingdom,22,1,1764.72,Loyal Active
13297,United Kingdom,15,3,1766.33,Loyal Active
13456,United Kingdom,9,6,1766.72,Loyal Active
16966,United Kingdom,7,6,1769.17,Loyal Active
16719,United Kingdom,6,7,1770.22,Loyal Active
16681,United Kingdom,64,6,1770.34,Loyal Active
15473,United Kingdom,6,7,1771.2,Loyal Active
15594,United Kingdom,7,5,1771.78,Loyal Active
17092,United Kingdom,42,4,1774.03,Loyal Active
12645,Germany,25,4,1775.18,Loyal Active
14696,United Kingdom,63,6,1778.41,Loyal Active
15220,United Kingdom,43,6,1778.96,Loyal Active
14935,Channel Islands,289,1,1784.71,High-Value Lapsed
13875,United Kingdom,45,5,1786.79,Loyal Active
13305,United Kingdom,13,9,1787.7,Loyal Active
14215,United Kingdom,3,6,1789.72,Loyal Active
12523,France,11,11,1789.77,Loyal Active
18179,United Kingdom,1,6,1793.17,Loyal Active
13134,United Kingdom,77,4,1793.58,Loyal Active
18235,United Kingdom,63,3,1796.48,Loyal Active
12348,Finland,67,4,1797.24,Loyal Active
17648,United Kingdom,52,4,1797.5,Loyal Active
13196,United Kingdom,3,4,1797.78,Loyal Active
13562,United Kingdom,73,3,1799.33,Loyal Active
13630,United Kingdom,67,6,1799.78,Loyal Active
16249,United Kingdom,44,5,1800.0700000000002,Loyal Active
15812,United Kingdom,99,5,1801.14,High-Value At Risk
17663,United Kingdom,17,7,1802.91,Loyal Active
13481,United Kingdom,37,5,1804.56,Loyal Active
15260,United Kingdom,92,7,1810.77,High-Value At Risk
12935,United Kingdom,18,5,1816.92,Loyal Active
17787,United Kingdom,144,4,1817.54,High-Value At Risk
13048,United Kingdom,6,4,1819.41,Loyal Active
17828,Malta,14,4,1820.09,Loyal Active
16153,United Kingdom,41,5,1824.23,Loyal Active
17702,United Kingdom,22,4,1824.37,Loyal Active
12783,Portugal,24,5,1825.33,Loyal Active
18219,United Kingdom,35,9,1827.4,Loyal Active
15203,United Kingdom,17,6,1827.8,Loyal Active
16152,United Kingdom,260,1,1829.04,High-Value Lapsed
13421,United Kingdom,32,2,1833.71,Loyal Active
14665,United Kingdom,52,5,1835.6999999999998,Loyal Active
15827,United Kingdom,65,14,1836.0900000000001,Loyal Active
13650,United Kingdom,8,6,1836.3400000000001,Loyal Active
18287,United Kingdom,34,3,1837.28,Loyal Active
18283,United Kingdom,1,15,1837.53,Loyal Active
14459,United Kingdom,147,1,1837.92,High-Value At Risk
17015,United Kingdom,20,3,1838.61,Loyal Active
16455,United Kingdom,55,7,1841.1799999999998,Loyal Active
16102,United Kingdom,34,3,1842.14,Loyal Active
17218,United Kingdom,3,9,1843.28,Loyal Active
14524,United Kingdom,23,9,1843.83,Loyal Active
17519,United Kingdom,9,6,1844.02,Loyal Active
17873,United Kingdom,72,5,1848.96,Loyal Active
12383,Belgium,176,5,1850.56,High-Value At Risk
14472,United Kingdom,95,8,1852.67,High-Value At Risk
14305,United Kingdom,63,3,1858.96,Loyal Active
14887,United Kingdom,71,1,1862.0,Loyal Active
14493,United Kingdom,8,4,1867.54,Loyal Active
12615,France,28,3,1868.3400000000001,Loyal Active
16841,United Kingdom,28,6,1869.82,Loyal Active
17469,United Kingdom,8,5,1870.97,Loyal Active
13982,United Kingdom,31,4,1871.81,Loyal Active
16986,United Kingdom,21,2,1873.2,Loyal Active
17463,United Kingdom,8,5,1875.8600000000001,Loyal Active
15367,United Kingdom,49,4,1877.5900000000001,Loyal Active
18044,United Kingdom,28,9,1877.7,Loyal Active
17368,United Kingdom,15,8,1878.87,Loyal Active
17738,United Kingdom,11,4,1879.05,Loyal Active
16128,United Kingdom,9,5,1880.22,Loyal Active
16170,United Kingdom,42,6,1885.05,Loyal Active
15641,United Kingdom,97,4,1887.2,High-Value At Risk
12371,Switzerland,36,2,1887.96,Loyal Active
14934,Channel Islands,73,2,1890.94,Loyal Active
16942,United Kingdom,4,9,1904.99,Loyal Active
15819,United Kingdom,41,4,1905.45,Loyal Active
14210,United Kingdom,97,6,1905.8400000000001,High-Value At Risk
16983,United Kingdom,4,7,1905.87,Loyal Active
17228,United Kingdom,7,8,1906.09,Loyal Active
13949,United Kingdom,16,5,1909.0900000000001,Loyal Active
14285,United Kingdom,13,4,1910.01,Loyal Active
14217,United Kingdom,3,16,1910.5,Loyal Active
14978,United Kingdom,64,5,1921.37,Loyal Active
15518,United Kingdom,56,8,1921.55,Loyal Active
13094,United Kingdom,13,12,1927.3200000000002,Loyal Active
12528,Germany,1,6,1933.48,Loyal Active
13685,United Kingdom,37,3,1934.45,Loyal Active
15351,United Kingdom,4,7,1934.66,Loyal Active
15864,United Kingdom,14,6,1936.32,Loyal Active
15814,United Kingdom,8,4,1945.33,Loyal Active
12913,United Kingdom,7,4,1948.5300000000002,Loyal Active
18065,United Kingdom,78,11,1949.19,Loyal Active
16143,United Kingdom,100,5,1949.3600000000001,High-Value At Risk
14533,United Kingdom,16,7,1949.72,Loyal Active
13755,United Kingdom,1,8,1951.16,Loyal Active
15493,United Kingdom,24,5,1953.4099999999999,Loyal Active
12853,United Kingdom,126,6,1957.1000000000001,High-Value At Risk
14498,United Kingdom,34,5,1957.32,Loyal Active
12856,United Kingdom,10,5,1957.68,Loyal Active
14506,United Kingdom,9,5,1960.65,Loyal Active
13246,United Kingdom,10,6,1961.52,Loyal Active
17997,United Kingdom,66,8,1962.46,Loyal Active
14309,United Kingdom,20,8,1962.66,Loyal Active
17790,United Kingdom,18,14,1964.3,Loyal Active
12674,France,30,4,1970.6,Loyal Active
16341,United Kingdom,16,4,1971.87,Loyal Active
18204,United Kingdom,63,3,1975.35,Loyal Active
17422,United Kingdom,8,6,1979.37,Loyal Active
13725,United Kingdom,41,8,1980.56,Loyal Active
14462,United Kingdom,58,11,1980.5700000000002,Loyal Active
17337,United Kingdom,143,4,1981.06,High-Value At Risk
13590,United Kingdom,3,6,1981.92,Loyal Active
18097,United Kingdom,118,5,1986.2,High-Value At Risk
17088,United Kingdom,20,4,1991.01,Loyal Active
17679,United Kingdom,44,2,1992.1100000000001,Loyal Active
16698,United Kingdom,218,2,1998.0,High-Value Lapsed
18188,United Kingdom,7,3,2001.04,Loyal Active
16754,United Kingdom,364,1,2002.4,High-Value Lapsed
17082,United Kingdom,25,2,2003.8500000000001,Loyal Active
14544,United Kingdom,16,2,2004.3,Loyal Active
16098,United Kingdom,79,8,2005.63,Loyal Active
15372,United Kingdom,129,1,2007.3999999999999,High-Value At Risk
14121,United Kingdom,2,3,2008.99,Loyal Active
18069,United Kingdom,18,5,2009.24,Loyal Active
13593,United Kingdom,100,5,2011.88,High-Value At Risk
17625,United Kingdom,10,4,2020.4,Loyal Active
15341,United Kingdom,72,1,2020.52,Loyal Active
13507,United Kingdom,90,3,2022.79,Loyal Active
14482,United Kingdom,10,6,2022.81,Loyal Active
16409,United Kingdom,28,5,2022.98,Loyal Active
17846,United Kingdom,77,1,2033.1,Loyal Active
17954,United Kingdom,60,11,2034.76,Loyal Active
12585,Germany,226,2,2040.1,High-Value Lapsed
14001,United Kingdom,37,3,2043.08,Loyal Active
13450,United Kingdom,18,6,2043.72,Loyal Active
17597,United Kingdom,205,1,2044.3700000000001,High-Value Lapsed
14232,United Kingdom,34,5,2048.07,Loyal Active
17612,United Kingdom,45,6,2048.45,Loyal Active
15984,United Kingdom,63,8,2050.71,Loyal Active
14766,United Kingdom,72,5,2050.85,Loyal Active
17434,United Kingdom,1,6,2052.48,Loyal Active
16150,United Kingdom,34,6,2053.02,Loyal Active
14188,United Kingdom,22,6,2054.36,Loyal Active
17667,United Kingdom,58,5,2055.51,Loyal Active
14409,United Kingdom,63,6,2059.4500000000003,Loyal Active
16281,United Kingdom,64,1,2062.06,Loyal Active
12928,United Kingdom,27,5,2062.7000000000003,Loyal Active
12948,United Kingdom,8,7,2064.9500000000003,Loyal Active
15373,United Kingdom,10,11,2070.38,Loyal Active
18231,United Kingdom,184,5,2071.77,High-Value Lapsed
18241,United Kingdom,1,17,2073.09,Loyal Active
14209,United Kingdom,2,6,2073.4300000000003,Loyal Active
16076,United Kingdom,14,9,2073.75,Loyal Active
14515,United Kingdom,9,6,2076.89,Loyal Active
14546,United Kingdom,32,4,2078.1,Loyal Active
12782,Portugal,141,4,2078.67,High-Value At Risk
16407,United Kingdom,4,10,2079.68,Loyal Active
14810,United Kingdom,32,11,2085.33,Loyal Active
13571,United Kingdom,4,12,2088.94,Loyal Active
13265,United Kingdom,45,5,2092.66,Loyal Active
14306,United Kingdom,43,2,2093.32,Loyal Active
17191,United Kingdom,20,7,2093.68,Loyal Active
17449,United Kingdom,37,6,2095.17,Loyal Active
16875,United Kingdom,59,5,2095.53,Loyal Active
17400,United Kingdom,118,5,2097.84,High-Value At Risk
12610,Italy,14,5,2099.54,Loyal Active
15815,United Kingdom,55,5,2100.6,Loyal Active
15058,United Kingdom,17,11,2102.54,Loyal Active
14461,United Kingdom,140,3,2103.06,High-Value At Risk
12684,France,16,6,2104.23,Loyal Active
18093,United Kingdom,85,4,2106.52,Loyal Active
18173,United Kingdom,78,4,2106.84,Loyal Active
14640,United Kingdom,16,6,2107.38,Loyal Active
14691,United Kingdom,22,5,2114.33,Loyal Active
18008,United Kingdom,62,9,2116.19,Loyal Active
14360,United Kingdom,23,4,2118.0299999999997,Loyal Active
13632,United Kingdom,16,5,2118.93,Loyal Active
18061,United Kingdom,13,10,2119.41,Loyal Active
14825,United Kingdom,7,11,2119.92,Loyal Active
15750,United Kingdom,7,7,2122.66,Loyal Active
13517,United Kingdom,51,3,2128.42,Loyal Active
12584,Italy,9,8,2137.7,Loyal Active
14828,United Kingdom,188,3,2139.76,High-Value Lapsed
12704,Finland,14,7,2142.08,Loyal Active
13704,United Kingdom,14,8,2143.38,Loyal Active
17272,United Kingdom,34,4,2148.63,Loyal Active
17530,United Kingdom,8,10,2152.09,Loyal Active
13224,United Kingdom,52,2,2155.95,Loyal Active
14407,United Kingdom,99,6,2157.73,High-Value At Risk
13994,United Kingdom,31,5,2158.04,Loyal Active
16456,United Kingdom,91,5,2158.18,High-Value At Risk
12633,Germany,50,4,2163.98,Loyal Active
14341,United Kingdom,37,8,2166.98,Loyal Active
12501,Germany,328,1,2169.39,High-Value Lapsed
12909,United Kingdom,31,5,2178.67,Loyal Active
15394,United Kingdom,1,4,2183.54,Loyal Active
14397,United Kingdom,3,17,2183.76,Loyal Active
17406,United Kingdom,325,3,2184.42,High-Value Lapsed
16628,United Kingdom,21,5,2188.05,Loyal Active
14700,United Kingdom,24,3,2195.1,Loyal Active
15932,United Kingdom,80,7,2195.65,Loyal Active
14560,United Kingdom,8,21,2196.97,Loyal Active
13831,United Kingdom,8,6,2198.45,Loyal Active
17591,United Kingdom,65,7,2203.67,Loyal Active
15179,United Kingdom,10,5,2206.95,Loyal Active
15797,United Kingdom,105,4,2207.4,High-Value At Risk
13862,United Kingdom,10,8,2209.36,Loyal Active
12653,Israel,140,2,2209.85,High-Value At Risk
15722,United Kingdom,27,5,2211.21,Loyal Active
16743,United Kingdom,21,7,2213.13,Loyal Active
14226,United Kingdom,20,5,2214.79,Loyal Active
13394,United Kingdom,45,7,2217.92,Loyal Active
12876,Belgium,49,2,2218.02,Loyal Active
15811,United Kingdom,14,6,2218.62,Loyal Active
15665,United Kingdom,160,2,2222.21,High-Value At Risk
15834,United Kingdom,62,4,2225.15,Loyal Active
13365,United Kingdom,25,2,2225.37,Loyal Active
18242,United Kingdom,64,4,2232.49,Loyal Active
14732,United Kingdom,22,7,2238.38,Loyal Active
14211,United Kingdom,45,9,2241.1,Loyal Active
13527,United Kingdom,25,7,2242.36,Loyal Active
16771,United Kingdom,25,5,2242.61,Loyal Active
16735,United Kingdom,70,5,2247.41,Loyal Active
15235,United Kingdom,209,12,2247.51,High-Value Lapsed
14432,United Kingdom,1,6,2248.5,Loyal Active
17442,United Kingdom,28,6,2248.56,Loyal Active
13700,United Kingdom,18,10,2248.63,Loyal Active
16293,United Kingdom,13,10,2248.9900000000002,Loyal Active
15796,United Kingdom,9,7,2260.96,Loyal Active
16209,United Kingdom,80,5,2262.62,Loyal Active
16057,United Kingdom,8,7,2263.12,Loyal Active
16782,United Kingdom,2,13,2267.9500000000003,Loyal Active
14466,United Kingdom,21,7,2272.4,Loyal Active
13317,United Kingdom,58,6,2273.6800000000003,Loyal Active
14554,United Kingdom,2,4,2279.49,Loyal Active
17696,United Kingdom,30,8,2285.71,Loyal Active
17728,United Kingdom,57,2,2288.16,Loyal Active
15704,United Kingdom,132,4,2293.62,High-Value At Risk
13115,United Kingdom,3,4,2294.78,Loyal Active
15105,United Kingdom,10,7,2298.93,Loyal Active
16550,United Kingdom,100,5,2298.9700000000003,High-Value At Risk
15271,United Kingdom,18,14,2301.2599999999998,Loyal Active
15288,United Kingdom,35,5,2306.52,Loyal Active
13021,United Kingdom,17,8,2310.9500000000003,Loyal Active
14262,United Kingdom,9,7,2313.5299999999997,Loyal Active
15365,United Kingdom,17,7,2314.32,Loyal Active
14290,United Kingdom,3,5,2314.65,Loyal Active
17211,United Kingdom,18,8,2317.22,Loyal Active
17313,United Kingdom,23,1,2328.84,Loyal Active
15785,United Kingdom,24,5,2328.97,Loyal Active
18077,United Kingdom,25,10,2329.07,Loyal Active
15281,United Kingdom,50,9,2332.15,Loyal Active
18257,United Kingdom,31,8,2337.63,Loyal Active
15572,United Kingdom,17,6,2338.44,Loyal Active
18259,United Kingdom,16,3,2338.6000000000004,Loyal Active
17402,United Kingdom,22,12,2347.0499999999997,Loyal Active
15140,United Kingdom,44,7,2354.25,Loyal Active
17634,United Kingdom,28,9,2358.59,Loyal Active
14030,United Kingdom,10,8,2358.84,Loyal Active
14930,Channel Islands,100,3,2362.96,High-Value At Risk
12457,Switzerland,58,7,2363.23,Loyal Active
15755,United Kingdom,2,6,2364.25,Loyal Active
13230,United Kingdom,21,15,2364.92,Loyal Active
13908,United Kingdom,71,4,2369.55,Loyal Active
13722,United Kingdom,123,3,2375.41,High-Value At Risk
15270,United Kingdom,7,7,2379.4900000000002,Loyal Active
14659,United Kingdom,27,8,2380.53,Loyal Active
14239,United Kingdom,35,11,2380.85,Loyal Active
15370,United Kingdom,32,7,2386.0499999999997,Loyal Active
16938,United Kingdom,171,3,2386.05,High-Value At Risk
13141,United Kingdom,76,5,2388.75,Loyal Active
15033,United Kingdom,17,9,2389.38,Loyal Active
14251,United Kingdom,2,4,2397.42,Loyal Active
15980,United Kingdom,80,3,2398.8599999999997,Loyal Active
17589,United Kingdom,52,4,2404.17,Loyal Active
12397,Belgium,27,2,2409.8999999999996,Loyal Active
15089,United Kingdom,2,6,2420.84,Loyal Active
17722,United Kingdom,88,4,2424.04,Loyal Active
15527,United Kingdom,10,8,2428.53,Loyal Active
17071,United Kingdom,20,9,2429.03,Loyal Active
14502,United Kingdom,11,11,2429.83,Loyal Active
13536,United Kingdom,1,5,2439.29,Loyal Active
18210,United Kingdom,1,5,2443.48,Loyal Active
14163,United Kingdom,79,4,2445.91,Loyal Active
15674,United Kingdom,65,5,2446.6,Loyal Active
13975,United Kingdom,23,6,2461.24,Loyal Active
13784,United Kingdom,1,11,2462.79,Loyal Active
12455,Cyprus,65,6,2466.86,Loyal Active
17164,United Kingdom,24,7,2467.35,Loyal Active
16710,United Kingdom,11,10,2467.9900000000002,Loyal Active
17188,United Kingdom,3,7,2474.23,Loyal Active
17682,United Kingdom,2,6,2474.33,Loyal Active
13769,United Kingdom,29,9,2478.59,Loyal Active
13588,United Kingdom,7,9,2478.95,Loyal Active
14315,United Kingdom,36,6,2481.13,Loyal Active
14243,United Kingdom,30,9,2481.35,Loyal Active
12517,Germany,20,5,2481.6,Loyal Active
12483,Sweden,9,8,2484.98,Loyal Active
17346,United Kingdom,3,14,2485.79,Loyal Active
16477,United Kingdom,55,7,2494.46,Loyal Active
13695,United Kingdom,23,15,2504.13,Loyal Active
12352,Norway,28,8,2506.04,Loyal Active
13344,United Kingdom,59,3,2511.69,Loyal Active
15245,United Kingdom,126,3,2515.84,High-Value At Risk
14701,United Kingdom,2,9,2526.09,Loyal Active
17314,United Kingdom,16,8,2527.92,Loyal Active
17700,United Kingdom,8,4,2534.6400000000003,Loyal Active
14776,United Kingdom,43,11,2538.3,Loyal Active
15993,United Kingdom,8,5,2542.23,Loyal Active
14676,United Kingdom,23,6,2548.2400000000002,Loyal Active
14334,United Kingdom,8,8,2552.21,Loyal Active
16912,United Kingdom,20,11,2555.58,Loyal Active
16308,United Kingdom,29,4,2560.0,Loyal Active
17644,United Kingdom,28,10,2562.88,Loyal Active
14868,United Kingdom,13,7,2563.5,Loyal Active
15485,United Kingdom,22,3,2564.5,Loyal Active
13911,United Kingdom,49,9,2580.91,Loyal Active
16764,United Kingdom,1,12,2588.08,Loyal Active
13804,United Kingdom,22,7,2588.39,Loyal Active
16241,United Kingdom,1,13,2590.31,Loyal Active
16919,United Kingdom,148,11,2592.25,High-Value At Risk
13895,United Kingdom,20,4,2593.07,Loyal Active
14408,United Kingdom,2,7,2599.03,Loyal Active
12600,Germany,20,10,2599.04,Loyal Active
17965,United Kingdom,29,14,2599.19,Loyal Active
17317,United Kingdom,38,3,2600.34,Loyal Active
13983,United Kingdom,21,12,2603.43,Loyal Active
13136,United Kingdom,48,5,2607.61,Loyal Active
12726,France,20,7,2609.1,Loyal Active
12836,United Kingdom,51,5,2610.36,Loyal Active
18075,United Kingdom,15,10,2611.75,Loyal Active
15782,United Kingdom,1,3,2614.7400000000002,Loyal Active
13870,United Kingdom,32,7,2618.19,Loyal Active
16255,United Kingdom,8,8,2619.91,Loyal Active
13644,United Kingdom,8,4,2624.26,Loyal Active
13422,United Kingdom,56,1,2626.3,Loyal Active
15752,United Kingdom,31,7,2626.6,Loyal Active
18260,United Kingdom,164,6,2628.35,High-Value At Risk
17183,United Kingdom,14,5,2633.53,Loyal Active
12520,Germany,71,5,2634.2599999999998,Loyal Active
14456,United Kingdom,14,8,2634.32,Loyal Active
13771,United Kingdom,56,4,2634.45,Loyal Active
17655,United Kingdom,2,7,2638.94,Loyal Active
13658,United Kingdom,1,5,2639.17,Loyal Active
16618,United Kingdom,23,5,2647.59,Loyal Active
13851,United Kingdom,87,3,2651.46,Loyal Active
12721,France,23,6,2656.13,Loyal Active
18144,United Kingdom,22,11,2656.75,Loyal Active
15671,United Kingdom,10,7,2657.13,Loyal Active
14439,Greece,311,1,2661.24,High-Value Lapsed
12360,Austria,44,3,2662.06,Loyal Active
14713,United Kingdom,1,11,2662.2,Loyal Active
16440,United Kingdom,21,4,2665.24,Loyal Active
15628,United Kingdom,16,8,2667.29,Loyal Active
14572,United Kingdom,32,6,2669.49,Loyal Active
13883,United Kingdom,2,5,2674.48,Loyal Active
12625,Germany,203,2,2683.8199999999997,High-Value Lapsed
16360,United Kingdom,11,5,2687.4700000000003,Loyal Active
16905,United Kingdom,11,6,2702.9,Loyal Active
14107,United Kingdom,43,7,2703.23,Loyal Active
13654,United Kingdom,35,6,2707.33,Loyal Active
13285,United Kingdom,15,4,2709.12,Loyal Active
17069,United Kingdom,20,9,2709.7,Loyal Active
18272,United Kingdom,37,5,2710.7,Loyal Active
15696,United Kingdom,25,8,2711.11,Loyal Active
12708,Germany,21,10,2712.91,Loyal Active
15356,United Kingdom,23,10,2718.03,Loyal Active
14808,United Kingdom,31,8,2718.6,Loyal Active
14125,United Kingdom,2,3,2720.63,Loyal Active
17838,United Kingdom,18,5,2720.8,Loyal Active
12380,Belgium,13,4,2724.8100000000004,Loyal Active
15673,United Kingdom,80,4,2726.23,Loyal Active
12840,United Kingdom,135,4,2726.77,High-Value At Risk
16393,United Kingdom,3,12,2734.26,Loyal Active
16003,United Kingdom,21,5,2735.37,Loyal Active
14854,United Kingdom,70,7,2740.03,Loyal Active
15687,United Kingdom,15,8,2741.51,Loyal Active
13174,United Kingdom,8,3,2742.8199999999997,Loyal Active
12669,France,142,3,2744.0299999999997,High-Value At Risk
17084,United Kingdom,27,2,2747.99,Loyal Active
15321,United Kingdom,62,3,2748.31,Loyal Active
13971,United Kingdom,10,8,2758.26,Loyal Active
15114,United Kingdom,22,10,2760.56,Loyal Active
16326,United Kingdom,7,13,2767.38,Loyal Active
14503,United Kingdom,2,4,2772.39,Loyal Active
16156,United Kingdom,16,8,2776.4300000000003,Loyal Active
12388,Australia,7,6,2780.6600000000003,Loyal Active
17213,United Kingdom,32,7,2781.23,Loyal Active
16678,United Kingdom,2,11,2786.05,Loyal Active
14626,United Kingdom,15,4,2791.27,Loyal Active
17739,United Kingdom,3,7,2791.35,Loyal Active
12758,Portugal,108,2,2791.59,High-Value At Risk
14032,United Kingdom,8,10,2792.47,Loyal Active
12578,Italy,13,2,2794.51,Loyal Active
14903,United Kingdom,13,5,2795.33,Loyal Active
16081,United Kingdom,48,5,2799.42,Loyal Active
17596,United Kingdom,15,7,2806.69,Loyal Active
18230,United Kingdom,1,7,2810.2000000000003,Loyal Active
12356,Portugal,14,3,2811.43,Loyal Active
16871,United Kingdom,14,6,2812.34,Loyal Active
16928,United Kingdom,72,17,2814.7,Loyal Active
14842,United Kingdom,35,4,2824.69,Loyal Active
14852,United Kingdom,50,6,2836.69,Loyal Active
15443,United Kingdom,4,6,2838.21,Loyal Active
14711,United Kingdom,2,11,2839.62,Loyal Active
15854,United Kingdom,78,10,2839.94,Loyal Active
14535,United Kingdom,52,3,2854.84,Loyal Active
18145,United Kingdom,4,4,2861.55,Loyal Active
14530,United Kingdom,17,6,2862.11,Loyal Active
12685,France,20,6,2863.08,Loyal Active
13901,United Kingdom,64,5,2867.2,Loyal Active
14005,United Kingdom,1,5,2874.72,Loyal Active
16633,United Kingdom,9,6,2883.1,Loyal Active
13735,United Kingdom,16,4,2883.54,Loyal Active
12408,Belgium,24,5,2888.5499999999997,Loyal Active
13451,United Kingdom,18,5,2898.2599999999998,Loyal Active
12438,Norway,6,2,2906.85,Loyal Active
14112,United Kingdom,14,7,2915.15,Loyal Active
15484,United Kingdom,10,3,2916.16,Loyal Active
12906,United Kingdom,3,5,2919.81,Loyal Active
15606,United Kingdom,53,9,2920.16,Loyal Active
14395,United Kingdom,52,8,2920.92,Loyal Active
17512,United Kingdom,20,10,2924.99,Loyal Active
14702,United Kingdom,10,15,2926.11,Loyal Active
16316,United Kingdom,56,8,2938.91,Loyal Active
17444,Canada,139,3,2940.04,High-Value At Risk
12916,United Kingdom,130,4,2944.95,High-Value At Risk
16011,United Kingdom,21,15,2959.04,Loyal Active
16686,United Kingdom,39,7,2959.88,Loyal Active
17924,United Kingdom,3,7,2962.5,Loyal Active
16497,United Kingdom,41,6,2965.69,Loyal Active
14146,United Kingdom,73,4,2965.84,Loyal Active
14639,United Kingdom,44,6,2984.49,Loyal Active
14307,United Kingdom,80,6,2995.7200000000003,Loyal Active
12670,France,2,5,2996.05,Loyal Active
17504,United Kingdom,198,9,2997.03,High-Value Lapsed
17659,United Kingdom,9,12,2999.46,Loyal Active
15521,United Kingdom,32,8,3000.2,Loyal Active
12754,Japan,227,4,3010.74,High-Value Lapsed
18094,United Kingdom,73,7,3017.3,Loyal Active
12395,Belgium,11,12,3018.63,Loyal Active
12598,France,1,8,3023.08,Loyal Active
14907,United Kingdom,20,6,3024.7400000000002,Loyal Active
16709,United Kingdom,76,5,3029.87,Loyal Active
16242,United Kingdom,10,6,3030.95,Loyal Active
17799,United Kingdom,14,11,3039.17,Loyal Active
16940,United Kingdom,44,3,3049.88,Loyal Active
13631,United Kingdom,91,11,3070.42,High-Value At Risk
12910,United Kingdom,15,8,3075.04,Loyal Active
15998,United Kingdom,28,5,3080.22,Loyal Active
17059,United Kingdom,21,5,3080.39,Loyal Active
13869,United Kingdom,115,4,3083.65,High-Value At Risk
13680,United Kingdom,31,3,3084.04,Loyal Active
17238,United Kingdom,9,15,3084.48,Loyal Active
16218,United Kingdom,21,7,3084.68,Loyal Active
13362,United Kingdom,1,4,3090.7400000000002,Loyal Active
13135,United Kingdom,188,1,3096.0,High-Value Lapsed
14565,United Kingdom,87,4,3099.12,Loyal Active
14257,United Kingdom,56,5,3099.7200000000003,Loyal Active
15491,United Kingdom,87,6,3100.09,Loyal Active
14099,United Kingdom,8,11,3104.17,Loyal Active
13953,United Kingdom,44,6,3104.36,Loyal Active
13742,United Kingdom,8,12,3107.87,Loyal Active
17491,United Kingdom,6,9,3115.97,Loyal Active
17231,United Kingdom,4,10,3124.72,Loyal Active
12562,France,14,6,3127.37,Loyal Active
14235,United Kingdom,67,5,3144.86,Loyal Active
15861,United Kingdom,4,9,3146.92,Loyal Active
17685,United Kingdom,8,7,3155.83,Loyal Active
15065,United Kingdom,29,4,3158.13,Loyal Active
17863,United Kingdom,51,6,3160.0,Loyal Active
16041,United Kingdom,22,3,3166.4,Loyal Active
16837,United Kingdom,23,11,3170.98,Loyal Active
13268,United Kingdom,9,11,3174.75,Loyal Active
17672,United Kingdom,42,2,3178.17,Loyal Active
17576,United Kingdom,30,18,3179.08,Loyal Active
12456,Switzerland,36,3,3181.04,Loyal Active
17050,United Kingdom,88,6,3185.64,Loyal Active
17220,United Kingdom,16,14,3187.55,Loyal Active
14844,United Kingdom,55,4,3189.81,Loyal Active
13758,United Kingdom,3,7,3190.55,Loyal Active
16592,United Kingdom,4,15,3195.52,Loyal Active
16107,United Kingdom,9,7,3204.1600000000003,Loyal Active
17173,United Kingdom,2,7,3209.4,Loyal Active
14388,United Kingdom,2,8,3212.84,Loyal Active
13880,United Kingdom,13,13,3219.77,Loyal Active
14175,United Kingdom,51,3,3222.2999999999997,Loyal Active
15708,United Kingdom,32,7,3235.25,Loyal Active
13047,United Kingdom,23,10,3237.54,Loyal Active
17593,United Kingdom,83,4,3245.66,Loyal Active
13952,United Kingdom,209,2,3251.071,High-Value Lapsed
14132,United Kingdom,6,10,3270.9,Loyal Active
17723,United Kingdom,119,6,3276.4000000000005,High-Value At Risk
12417,Belgium,31,8,3279.37,Loyal Active
15764,United Kingdom,80,6,3279.9700000000003,Loyal Active
12480,Germany,20,4,3281.63,Loyal Active
15632,United Kingdom,7,8,3285.31,Loyal Active
14841,United Kingdom,45,6,3295.76,Loyal Active
16904,United Kingdom,21,15,3304.73,Loyal Active
16458,United Kingdom,6,17,3307.2400000000002,Loyal Active
13373,United Kingdom,52,3,3312.25,Loyal Active
16556,United Kingdom,58,7,3313.79,Loyal Active
14291,United Kingdom,49,9,3325.56,Loyal Active
12749,United Kingdom,14,4,3327.82,Loyal Active
12594,Italy,29,10,3338.2200000000003,Loyal Active
13015,United Kingdom,45,5,3339.64,Loyal Active
14282,United Kingdom,11,13,3343.7400000000002,Loyal Active
12613,Germany,49,5,3344.38,Loyal Active
12643,France,120,6,3344.64,High-Value At Risk
16607,United Kingdom,9,14,3347.71,Loyal Active
13426,United Kingdom,2,9,3349.54,Loyal Active
16818,United Kingdom,2,11,3349.57,Loyal Active
14227,United Kingdom,18,10,3350.96,Loyal Active
14739,United Kingdom,11,6,3367.32,Loyal Active
13435,United Kingdom,16,6,3367.59,Loyal Active
17091,United Kingdom,23,8,3376.96,Loyal Active
13842,United Kingdom,50,9,3385.62,Loyal Active
15228,United Kingdom,58,4,3386.71,Loyal Active
13198,United Kingdom,2,6,3401.2400000000002,Loyal Active
17669,United Kingdom,34,7,3406.7200000000003,Loyal Active
13437,United Kingdom,6,7,3408.0600000000004,Loyal Active
17758,United Kingdom,11,9,3408.2,Loyal Active
15981,United Kingdom,16,8,3408.48,Loyal Active
12553,France,17,9,3415.2599999999998,Loyal Active
12406,Denmark,14,2,3415.3,Loyal Active
17528,United Kingdom,9,7,3428.0,Loyal Active
12569,Germany,8,26,3429.67,Loyal Active
16145,United Kingdom,32,10,3432.1,Loyal Active
14221,United Kingdom,34,9,3432.7999999999997,Loyal Active
15676,United Kingdom,10,3,3435.7599999999998,Loyal Active
17725,United Kingdom,8,11,3439.08,Loyal Active
15974,United Kingdom,31,7,3442.15,Loyal Active
15129,United Kingdom,42,11,3447.4,Loyal Active
15410,United Kingdom,76,9,3450.84,Loyal Active
13014,United Kingdom,2,10,3466.2799999999997,Loyal Active
13993,United Kingdom,34,9,3466.36,Loyal Active
14547,United Kingdom,4,6,3495.25,Loyal Active
13334,United Kingdom,74,3,3502.32,Loyal Active
16131,United Kingdom,43,6,3506.54,Loyal Active
15113,United Kingdom,1,3,3509.43,Loyal Active
17160,United Kingdom,23,6,3518.03,Loyal Active
15867,United Kingdom,14,14,3524.56,Loyal Active
12454,Spain,48,1,3528.34,Loyal Active
13183,United Kingdom,29,8,3528.7200000000003,Loyal Active
13448,United Kingdom,8,6,3534.6900000000005,Loyal Active
12370,Austria,43,4,3541.94,Loyal Active
15544,United Kingdom,1,9,3546.71,Loyal Active
17203,United Kingdom,27,6,3560.08,Loyal Active
14040,United Kingdom,32,12,3560.32,Loyal Active
17001,United Kingdom,14,10,3581.89,Loyal Active
14543,United Kingdom,20,16,3599.73,Loyal Active
13137,United Kingdom,2,8,3603.29,Loyal Active
15505,United Kingdom,44,5,3610.96,Loyal Active
16712,United Kingdom,1,11,3611.31,Loyal Active
18079,United Kingdom,37,4,3613.15,Loyal Active
13082,United Kingdom,118,9,3613.63,High-Value At Risk
13520,Switzerland,50,6,3624.35,Loyal Active
12662,Germany,15,10,3624.83,Loyal Active
12700,France,57,3,3625.2400000000002,Loyal Active
13327,United Kingdom,30,8,3627.77,Loyal Active
17920,United Kingdom,3,15,3628.43,Loyal Active
17230,United Kingdom,256,8,3638.41,High-Value Lapsed
13381,United Kingdom,23,6,3639.31,Loyal Active
12619,Germany,8,9,3641.24,Loyal Active
15808,United Kingdom,298,4,3651.27,High-Value Lapsed
17611,United Kingdom,22,13,3655.07,Loyal Active
15296,United Kingdom,42,6,3672.8599999999997,Loyal Active
15581,United Kingdom,112,13,3675.77,High-Value At Risk
14299,United Kingdom,13,8,3676.1,Loyal Active
13148,United Kingdom,21,12,3683.26,Loyal Active
16253,United Kingdom,58,2,3683.86,Loyal Active
14401,United Kingdom,30,12,3697.7,Loyal Active
15379,United Kingdom,161,7,3703.29,High-Value At Risk
17819,United Kingdom,63,7,3704.87,Loyal Active
15622,United Kingdom,35,9,3709.56,Loyal Active
15845,United Kingdom,9,8,3711.77,Loyal Active
14364,United Kingdom,100,8,3717.35,High-Value At Risk
16240,United Kingdom,16,2,3718.8,Loyal Active
14092,United Kingdom,15,12,3722.4500000000003,Loyal Active
12647,Germany,14,12,3722.82,Loyal Active
12502,Spain,87,5,3723.87,Loyal Active
16570,United Kingdom,7,10,3738.4,Loyal Active
13552,United Kingdom,58,12,3740.07,Loyal Active
14145,United Kingdom,38,4,3742.2,Loyal Active
12429,Denmark,1,4,3750.4,Loyal Active
13124,United Kingdom,81,3,3756.33,Loyal Active
12747,United Kingdom,14,10,3757.5099999999998,Loyal Active
17364,United Kingdom,7,8,3770.17,Loyal Active
16401,United Kingdom,6,11,3785.58,Loyal Active
16019,United Kingdom,38,9,3786.2400000000002,Loyal Active
16168,United Kingdom,2,27,3787.6,Loyal Active
16655,United Kingdom,9,6,3789.52,Loyal Active
14085,United Kingdom,1,15,3790.3,Loyal Active
12668,Germany,3,4,3807.15,Loyal Active
12597,Spain,11,4,3811.22,Loyal Active
12755,Japan,272,2,3811.95,High-Value Lapsed
16327,United Kingdom,6,6,3820.27,Loyal Active
13266,United Kingdom,3,12,3834.2599999999998,Loyal Active
12841,United Kingdom,6,23,3840.57,Loyal Active
16717,United Kingdom,15,6,3843.08,Loyal Active
18073,United Kingdom,106,12,3859.82,High-Value At Risk
15804,United Kingdom,3,12,3877.34,Loyal Active
14422,United Kingdom,9,5,3881.63,Loyal Active
16626,United Kingdom,14,15,3888.89,Loyal Active
13999,United Kingdom,2,12,3901.81,Loyal Active
17567,United Kingdom,49,7,3913.48,Loyal Active
12473,Germany,21,5,3928.0499999999997,Loyal Active
17937,United Kingdom,23,6,3940.92,Loyal Active
15187,United Kingdom,7,13,3944.7,Loyal Active
17651,United Kingdom,3,10,3945.0,Loyal Active
12955,United Kingdom,8,9,3949.94,Loyal Active
17769,United Kingdom,4,10,3957.4300000000003,Loyal Active
15529,United Kingdom,14,11,3962.6,Loyal Active
13523,United Kingdom,25,5,3964.88,Loyal Active
17602,United Kingdom,15,6,3965.73,Loyal Active
12727,France,2,7,3980.7000000000003,Loyal Active
12779,Poland,29,8,3981.36,Loyal Active
15416,United Kingdom,56,4,3984.32,Loyal Active
12664,Finland,8,8,3991.88,Loyal Active
16186,United Kingdom,14,12,4006.94,Loyal Active
12378,Switzerland,121,1,4008.62,High-Value At Risk
12867,United Kingdom,18,7,4009.34,Loyal Active
12957,United Kingdom,1,8,4017.54,Loyal Active
17940,United Kingdom,41,10,4020.04,Loyal Active
15514,United Kingdom,4,11,4023.7200000000003,Loyal Active
13815,Germany,14,4,4027.36,Loyal Active
16549,United Kingdom,2,10,4034.9,Loyal Active
12656,France,9,5,4051.17,Loyal Active
18087,United Kingdom,90,2,4055.7199999999993,Loyal Active
17377,United Kingdom,15,20,4058.32,Loyal Active
12449,Belgium,14,4,4067.29,Loyal Active
12347,Iceland,31,6,4085.18,Loyal Active
16670,United Kingdom,8,11,4095.9,Loyal Active
18041,United Kingdom,3,21,4097.37,Loyal Active
13555,United Kingdom,65,4,4098.88,Loyal Active
15570,United Kingdom,2,11,4113.42,Loyal Active
16931,United Kingdom,11,20,4143.43,Loyal Active
13988,United Kingdom,11,6,4147.96,Loyal Active
13069,United Kingdom,6,23,4151.2,Loyal Active
13384,United Kingdom,22,7,4151.93,Loyal Active
12949,United Kingdom,22,8,4167.22,Loyal Active
14277,France,7,3,4188.0,Loyal Active
15971,United Kingdom,9,12,4199.85,Loyal Active
14525,United Kingdom,11,9,4215.9,Loyal Active
13267,United Kingdom,9,18,4220.29,Loyal Active
17419,United Kingdom,3,12,4226.57,Loyal Active
14135,United Kingdom,24,13,4247.41,Loyal Active
12500,Germany,15,11,4257.82,Loyal Active
14191,United Kingdom,2,12,4258.64,Loyal Active
14534,United Kingdom,9,17,4266.48,Loyal Active
15034,United Kingdom,7,8,4274.16,Loyal Active
17426,United Kingdom,83,4,4280.59,Loyal Active
18251,United Kingdom,79,1,4314.72,Loyal Active
14800,United Kingdom,39,12,4331.79,Loyal Active
14016,EIRE,153,4,4341.21,High-Value At Risk
13756,United Kingdom,14,12,4343.12,Loyal Active
16945,United Kingdom,13,19,4345.5,Loyal Active
14189,United Kingdom,8,14,4352.52,Loyal Active
12752,Norway,73,1,4366.78,Loyal Active
17858,United Kingdom,45,11,4376.94,Loyal Active
15547,United Kingdom,32,13,4391.94,Loyal Active
13505,Switzerland,64,4,4393.63,Loyal Active
12712,Germany,20,13,4396.13,Loyal Active
15874,United Kingdom,55,7,4405.88,Loyal Active
15955,United Kingdom,16,14,4416.26,Loyal Active
14292,United Kingdom,31,7,4458.610000000001,Loyal Active
16984,United Kingdom,80,2,4459.52,Loyal Active
12627,Germany,2,7,4478.53,Loyal Active
14426,United Kingdom,15,10,4481.67,Loyal Active
17975,United Kingdom,7,13,4483.26,Loyal Active
12524,Germany,1,8,4485.72,Loyal Active
15298,United Kingdom,2,11,4487.68,Loyal Active
15299,United Kingdom,59,7,4507.01,Loyal Active
13013,United Kingdom,13,12,4515.84,Loyal Active
12484,Spain,24,6,4527.32,Loyal Active
17613,United Kingdom,14,14,4544.55,Loyal Active
17068,United Kingdom,4,21,4552.14,Loyal Active
14004,United Kingdom,35,7,4582.64,Loyal Active
15093,United Kingdom,10,6,4597.02,Loyal Active
13802,United Kingdom,130,3,4599.42,High-Value At Risk
14286,United Kingdom,15,3,4628.75,Loyal Active
14159,United Kingdom,11,11,4630.35,Loyal Active
17730,United Kingdom,20,12,4635.78,Loyal Active
14390,United Kingdom,2,9,4642.57,Loyal Active
15291,United Kingdom,17,15,4668.3,Loyal Active
14562,United Kingdom,3,16,4683.45,Loyal Active
12362,Belgium,27,9,4697.1900000000005,Loyal Active
12714,France,1,5,4708.86,Loyal Active
17690,United Kingdom,22,15,4726.8,Loyal Active
16722,United Kingdom,9,13,4730.8099999999995,Loyal Active
15152,United Kingdom,1,13,4745.6900000000005,Loyal Active
14180,United Kingdom,2,25,4748.52,Loyal Active
14415,United Kingdom,11,12,4764.62,Loyal Active
17365,United Kingdom,4,8,4767.36,Loyal Active
12437,France,1,17,4785.51,Loyal Active
16700,United Kingdom,21,12,4792.74,Loyal Active
15555,United Kingdom,4,16,4794.86,Loyal Active
15738,United Kingdom,10,16,4812.42,Loyal Active
13599,United Kingdom,2,19,4830.24,Loyal Active
12839,United Kingdom,3,13,4839.03,Loyal Active
17652,United Kingdom,17,12,4867.72,Loyal Active
12688,Israel,105,1,4873.81,High-Value At Risk
17133,United Kingdom,7,7,4892.240000000001,Loyal Active
16701,United Kingdom,36,12,4899.86,Loyal Active
15786,United Kingdom,38,3,4919.0,Loyal Active
14709,United Kingdom,7,13,4921.04,Loyal Active
16191,United Kingdom,3,12,4935.86,Loyal Active
14688,United Kingdom,31,19,4949.83,Loyal Active
12490,France,9,9,4955.63,Loyal Active
15032,United Kingdom,248,3,4959.1,High-Value Lapsed
14329,United Kingdom,9,7,4975.24,Loyal Active
12444,Norway,13,5,5005.46,Loyal Active
13269,United Kingdom,3,14,5009.6,Loyal Active
14755,United Kingdom,1,11,5010.28,Loyal Active
15719,United Kingdom,24,13,5030.07,Loyal Active
15301,United Kingdom,42,12,5049.95,Loyal Active
12432,Norway,34,5,5059.32,Loyal Active
13139,United Kingdom,8,7,5064.94,Loyal Active
15046,United Kingdom,1,15,5090.42,Loyal Active
13225,United Kingdom,52,6,5100.64,Loyal Active
18198,United Kingdom,23,16,5107.110000000001,Loyal Active
17686,United Kingdom,72,6,5110.09,Loyal Active
13941,United Kingdom,13,5,5112.96,Loyal Active
15903,United Kingdom,1,7,5126.76,Loyal Active
15727,United Kingdom,8,7,5159.06,Loyal Active
18225,United Kingdom,13,11,5174.68,Loyal Active
17757,United Kingdom,6,28,5176.84,Loyal Active
16258,United Kingdom,37,5,5203.51,Loyal Active
16161,United Kingdom,6,18,5215.16,Loyal Active
18226,United Kingdom,36,11,5228.05,Loyal Active
17061,United Kingdom,65,11,5232.2300000000005,Loyal Active
17049,United Kingdom,13,8,5259.03,Loyal Active
16873,United Kingdom,53,5,5268.79,Loyal Active
15150,United Kingdom,9,10,5291.33,Loyal Active
14110,United Kingdom,13,11,5357.71,Loyal Active
16303,United Kingdom,17,3,5360.63,Loyal Active
17850,United Kingdom,364,34,5391.21,High-Value Lapsed
17719,United Kingdom,29,15,5396.04,Loyal Active
12720,Germany,7,24,5399.26,Loyal Active
17809,United Kingdom,8,12,5411.91,Loyal Active
13468,United Kingdom,10,36,5424.03,Loyal Active
16265,United Kingdom,1,9,5447.0,Loyal Active
16985,United Kingdom,9,10,5464.12,Loyal Active
15805,United Kingdom,15,17,5488.18,Loyal Active
16609,United Kingdom,7,7,5493.46,Loyal Active
14735,United Kingdom,3,31,5508.25,Loyal Active
13534,United Kingdom,24,24,5512.88,Loyal Active
12539,Spain,14,4,5568.35,Loyal Active
16767,United Kingdom,22,11,5575.5599999999995,Loyal Active
14049,United Kingdom,8,4,5578.72,Loyal Active
12481,Germany,14,10,5579.82,Loyal Active
15694,United Kingdom,17,12,5607.72,Loyal Active
18118,United Kingdom,2,26,5625.08,Loyal Active
13004,United Kingdom,3,18,5655.91,Loyal Active
17716,United Kingdom,14,11,5655.99,Loyal Active
16553,United Kingdom,155,12,5719.82,High-Value At Risk
13178,United Kingdom,18,11,5725.47,Loyal Active
13316,United Kingdom,29,4,5732.93,Loyal Active
15218,United Kingdom,2,11,5756.89,Loyal Active
13709,United Kingdom,28,11,5779.34,Loyal Active
13050,United Kingdom,6,17,5836.86,Loyal Active
14060,United Kingdom,14,18,5842.9400000000005,Loyal Active
14505,United Kingdom,9,8,5859.43,Loyal Active
13209,United Kingdom,22,8,5891.61,Loyal Active
18055,United Kingdom,31,9,5897.57,Loyal Active
14944,United Kingdom,21,12,5900.250000000001,Loyal Active
18223,United Kingdom,31,13,5905.82,Loyal Active
13102,United Kingdom,15,22,5921.96,Loyal Active
15382,United Kingdom,6,6,5955.71,Loyal Active
14101,United Kingdom,65,6,5976.79,Loyal Active
13668,United Kingdom,2,20,5976.81,Loyal Active
12637,France,59,9,6002.900000000001,Loyal Active
13097,United Kingdom,24,10,6003.22,Loyal Active
15023,United Kingdom,31,10,6028.77,Loyal Active
15144,United Kingdom,16,16,6054.54,Loyal Active
16353,United Kingdom,9,21,6081.71,Loyal Active
17509,United Kingdom,49,8,6083.64,Loyal Active
17315,United Kingdom,9,37,6101.13,Loyal Active
15939,United Kingdom,81,15,6115.01,Loyal Active
13418,United Kingdom,3,18,6127.43,Loyal Active
12357,Switzerland,25,1,6207.67,Loyal Active
14057,United Kingdom,15,17,6211.66,Loyal Active
16746,United Kingdom,3,17,6230.19,Loyal Active
12766,Portugal,49,6,6271.2,Loyal Active
16126,United Kingdom,21,4,6287.77,Loyal Active
15005,United Kingdom,7,29,6295.37,Loyal Active
12359,Cyprus,49,4,6310.030000000001,Loyal Active
13871,United Kingdom,14,13,6403.25,Loyal Active
15290,United Kingdom,23,15,6405.51,Loyal Active
16814,United Kingdom,6,21,6416.7,Loyal Active
12431,Australia,27,15,6419.95,Loyal Active
17338,United Kingdom,9,8,6493.54,Loyal Active
12472,Germany,24,7,6572.11,Loyal Active
12583,France,10,14,6586.61,Loyal Active
16182,United Kingdom,64,4,6617.65,Loyal Active
12626,Germany,15,9,6620.48,Loyal Active
18109,United Kingdom,6,23,6636.41,Loyal Active
15249,United Kingdom,23,13,6688.46,Loyal Active
13576,United Kingdom,2,18,6717.34,Loyal Active
16532,United Kingdom,9,3,6748.8,Loyal Active
16652,United Kingdom,50,7,6773.97,Loyal Active
15601,United Kingdom,3,14,6776.56,Loyal Active
12989,United Kingdom,13,13,6794.9800000000005,Loyal Active
12830,United Kingdom,29,6,6814.64,Loyal Active
12476,Germany,7,11,6816.42,Loyal Active
12705,Germany,7,9,6868.29,Loyal Active
17416,United Kingdom,21,7,6893.42,Loyal Active
15194,United Kingdom,23,14,6909.89,Loyal Active
16713,United Kingdom,10,15,6910.78,Loyal Active
16187,United Kingdom,23,15,6911.4400000000005,Loyal Active
13027,United Kingdom,105,6,6912.0,High-Value At Risk
13985,United Kingdom,6,14,6912.57,Loyal Active
12798,Japan,2,3,6977.04,Loyal Active
14961,United Kingdom,2,9,7044.68,Loyal Active
16923,United Kingdom,4,19,7069.08,Loyal Active
13263,United Kingdom,3,33,7092.7300000000005,Loyal Active
13324,United Kingdom,28,10,7121.95,Loyal Active
16745,United Kingdom,78,17,7180.7,Loyal Active
16729,United Kingdom,30,21,7205.33,Loyal Active
18229,United Kingdom,3,20,7276.9,Loyal Active
13018,United Kingdom,8,28,7277.7,Loyal Active
12474,Germany,9,18,7324.09,Loyal Active
17396,United Kingdom,31,8,7330.799999999999,Loyal Active
15465,United Kingdom,11,18,7354.62,Loyal Active
12980,United Kingdom,149,9,7374.900000000001,High-Value At Risk
17811,United Kingdom,3,37,7441.44,Loyal Active
15358,United Kingdom,27,20,7517.14,Loyal Active
18172,United Kingdom,6,20,7561.68,Loyal Active
14796,United Kingdom,14,16,7579.71,Loyal Active
17243,United Kingdom,6,24,7604.47,Loyal Active
15044,United Kingdom,11,17,7634.7300000000005,Loyal Active
12683,France,42,13,7679.09,Loyal Active
14056,United Kingdom,7,22,7727.69,Loyal Active
16558,United Kingdom,14,19,7739.52,Loyal Active
13629,United Kingdom,15,11,7792.36,Loyal Active
13854,United Kingdom,16,24,7807.24,Loyal Active
12435,Denmark,71,2,7829.89,Loyal Active
13093,United Kingdom,267,8,7832.47,High-Value Lapsed
12757,Portugal,7,13,7834.650000000001,Loyal Active
16672,United Kingdom,27,19,7864.9400000000005,Loyal Active
14527,United Kingdom,4,53,7875.18,Loyal Active
13969,United Kingdom,8,16,7882.27,Loyal Active
14849,United Kingdom,13,25,7930.54,Loyal Active
12428,Finland,17,9,7956.46,Loyal Active
17017,United Kingdom,1,19,8063.66,Loyal Active
14952,United Kingdom,51,11,8099.490000000001,Loyal Active
14936,Channel Islands,25,8,8137.02,Loyal Active
16033,United Kingdom,25,19,8356.95,Loyal Active
18139,United Kingdom,9,6,8438.34,Loyal Active
18092,United Kingdom,30,10,8506.42,Loyal Active
13090,United Kingdom,11,13,8555.44,Loyal Active
16523,United Kingdom,7,19,8562.85,Loyal Active
14367,United Kingdom,13,15,8594.29,Loyal Active
16656,United Kingdom,14,15,8625.8,Loyal Active
17306,United Kingdom,2,19,8631.31,Loyal Active
15078,United Kingdom,3,29,8920.03,Loyal Active
13488,United Kingdom,9,13,8968.31,Loyal Active
12451,Switzerland,2,5,9035.52,Loyal Active
13458,United Kingdom,15,13,9062.050000000001,Loyal Active
14667,United Kingdom,2,25,9175.04,Loyal Active
13199,United Kingdom,2,35,9175.3,Loyal Active
13001,United Kingdom,14,12,9194.960000000001,Loyal Active
12567,France,14,10,9401.28,Loyal Active
14733,United Kingdom,8,12,9585.91,Loyal Active
16779,United Kingdom,6,20,9654.66,Loyal Active
12709,Germany,7,15,9706.52,Loyal Active
17706,United Kingdom,36,16,9728.65,Loyal Active
12590,Germany,203,2,9864.26,High-Value Lapsed
17581,United Kingdom,25,22,10040.56,Loyal Active
14769,United Kingdom,74,8,10075.01,Loyal Active
16843,United Kingdom,34,16,10196.57,Loyal Active
14895,United Kingdom,21,17,10213.09,Loyal Active
16180,United Kingdom,92,8,10254.18,High-Value At Risk
15502,United Kingdom,7,12,10384.93,Loyal Active
15615,United Kingdom,2,23,10399.74,Loyal Active
14062,United Kingdom,1,12,10464.85,Loyal Active
15251,United Kingdom,1,11,10484.99,Loyal Active
17865,United Kingdom,22,20,10526.32,Loyal Active
13319,United Kingdom,9,25,10536.45,Loyal Active
17139,United Kingdom,7,12,10650.77,Loyal Active
13340,United Kingdom,37,7,10736.48,Loyal Active
12433,Norway,1,5,10737.18,Loyal Active
17107,United Kingdom,25,6,10797.48,Loyal Active
14194,United Kingdom,10,21,10865.42,Loyal Active
15482,United Kingdom,7,12,10879.76,Loyal Active
12971,United Kingdom,2,84,11028.01,Loyal Active
12409,Switzerland,70,3,11072.67,Loyal Active
15640,United Kingdom,8,14,11229.630000000001,Loyal Active
15125,United Kingdom,17,15,11528.48,Loyal Active
12939,United Kingdom,56,8,11581.8,Loyal Active
12682,France,1,30,11643.19,Loyal Active
14606,United Kingdom,1,93,11734.31,Loyal Active
13078,United Kingdom,2,25,11788.86,Loyal Active
13113,United Kingdom,6,23,11906.76,Loyal Active
12557,Spain,8,5,11990.960000000001,Loyal Active
17735,United Kingdom,29,18,12216.42,Loyal Active
17340,United Kingdom,21,11,12353.29,Loyal Active
15498,United Kingdom,9,26,12451.46,Loyal Active
12621,Germany,15,19,12501.47,Loyal Active
12536,France,35,3,12601.830000000002,Loyal Active
14258,United Kingdom,1,9,12669.98,Loyal Active
16525,United Kingdom,8,25,12705.73,Loyal Active
15856,United Kingdom,37,21,13082.86,Loyal Active
12477,Germany,14,6,13219.74,Loyal Active
12540,Spain,11,17,13400.24,Loyal Active
14051,United Kingdom,9,21,13647.19,Loyal Active
16133,United Kingdom,8,30,13651.92,Loyal Active
16705,United Kingdom,3,19,13784.470000000001,Loyal Active
12681,France,6,22,13787.54,Loyal Active
14866,United Kingdom,2,12,14389.9,Loyal Active
15513,United Kingdom,25,19,14758.220000000001,Loyal Active
15189,United Kingdom,2,38,15030.73,Loyal Active
17677,United Kingdom,20,28,15641.22,Loyal Active
16839,United Kingdom,14,32,15753.87,Loyal Active
14607,United Kingdom,7,14,16209.5,Loyal Active
13767,United Kingdom,17,36,16334.380000000001,Loyal Active
12921,United Kingdom,1,37,16587.09,Loyal Active
13881,United Kingdom,3,19,16590.4,Loyal Active
14031,United Kingdom,13,18,16779.74,Loyal Active
15159,United Kingdom,10,27,16806.22,Loyal Active
17428,United Kingdom,14,27,16841.25,Loyal Active
12901,United Kingdom,2,27,16874.54,Loyal Active
16210,United Kingdom,1,17,17486.9,Loyal Active
12471,Germany,2,29,17550.14,Loyal Active
12678,France,34,12,17628.46,Loyal Active
12731,France,15,12,18895.91,Loyal Active
17675,United Kingdom,10,29,19124.7,Loyal Active
15039,United Kingdom,1,47,19766.59,Loyal Active
17381,United Kingdom,16,28,19967.45,Loyal Active
12744,Singapore,43,7,21279.29,Loyal Active
12753,Japan,14,6,21429.39,Loyal Active
13777,United Kingdom,16,30,23460.41,Loyal Active
17857,United Kingdom,9,21,23899.44,Loyal Active
16333,United Kingdom,28,20,25079.600000000002,Loyal Active
17389,United Kingdom,6,31,25956.899999999998,Loyal Active
13098,United Kingdom,1,25,26516.68,Loyal Active
13408,United Kingdom,3,59,26708.42,Loyal Active
13081,United Kingdom,3,11,28337.38,Loyal Active
14680,United Kingdom,17,16,28754.11,Loyal Active
17404,Sweden,17,14,31668.82,Loyal Active
12748,United Kingdom,2,201,32054.19,Loyal Active
15838,United Kingdom,3,19,33643.08,Loyal Active
16013,United Kingdom,10,45,34486.88,Loyal Active
16422,United Kingdom,9,51,34684.4,Loyal Active
13798,United Kingdom,3,54,35316.61,Loyal Active
17841,United Kingdom,2,120,37988.95,Loyal Active
15098,United Kingdom,174,3,39916.5,High-Value At Risk
12931,United Kingdom,13,15,42055.96,Loyal Active
15749,United Kingdom,227,3,44534.3,High-Value Lapsed
14088,United Kingdom,2,13,50491.81,Loyal Active
15061,United Kingdom,2,47,50638.28,Loyal Active
14298,United Kingdom,22,43,50889.7,Loyal Active
15769,United Kingdom,22,25,52848.72,Loyal Active
13089,United Kingdom,3,93,54080.46,Loyal Active
17949,United Kingdom,9,40,55635.76,Loyal Active
14096,United Kingdom,3,16,56228.81,Loyal Active
15311,United Kingdom,2,88,59457.1,Loyal Active
16684,United Kingdom,3,27,61251.58,Loyal Active
13694,United Kingdom,17,47,61908.46,Loyal Active
12346,United Kingdom,317,1,77183.6,High-Value Lapsed
16029,United Kingdom,30,63,80850.84,Loyal Active
17511,United Kingdom,8,30,83683.06,Loyal Active
14156,EIRE,1,55,117210.08,Loyal Active
12415,Australia,16,21,124914.53,Loyal Active
14911,EIRE,1,193,136732.25,Loyal Active
17450,United Kingdom,2,45,192828.38999999998,Loyal Active
18102,United Kingdom,3,57,248171.76,Loyal Active
14646,Netherlands,8,70,268478.0,Loyal Active
